customer_id,name,age,gender,city,join_date,membership_level,total_spent,email,phone
1,고객_001,59,M,대구,2020-01-01,Bronze,736487,customer001@email.com,010-7034-9457
2,고객_002,63,F,대구,2020-01-04,Silver,37757,customer002@email.com,010-7476-4148
3,고객_003,41,F,광주,2020-01-07,Silver,943730,customer003@email.com,010-4359-2004
4,고객_004,43,M,대전,2020-01-10,Bronze,464623,customer004@email.com,010-5717-4271
5,고객_005,45,M,서울,2020-01-13,Bronze,954710,customer005@email.com,010-1209-6539
6,고객_006,49,M,대구,2020-01-16,Gold,685616,customer006@email.com,010-1153-4593
7,고객_007,52,M,인천,2020-01-19,Silver,830254,customer007@email.com,010-9606-2284
8,고객_008,35,F,광주,2020-01-22,Platinum,272070,customer008@email.com,010-4148-1768
9,고객_009,41,F,부산,2020-01-25,Platinum,51340,customer009@email.com,010-6607-4202
10,고객_010,68,F,서울,2020-01-28,Bronze,252955,customer010@email.com,010-3787-3210
11,고객_011,69,M,인천,2020-01-31,Bronze,979738,customer011@email.com,010-8399-7338
12,고객_012,62,F,대구,2020-02-03,Silver,839783,customer012@email.com,010-9733-1358
13,고객_013,37,M,부산,2020-02-06,Bronze,902743,customer013@email.com,010-1849-8498
14,고객_014,26,F,서울,2020-02-09,Platinum,976175,customer014@email.com,010-5522-3544
15,고객_015,69,M,광주,2020-02-12,Gold,609608,customer015@email.com,010-2831-2472
16,고객_016,45,F,부산,2020-02-15,Gold,374709,customer016@email.com,010-1329-6851
17,고객_017,27,F,대전,2020-02-18,Silver,438373,customer017@email.com,010-8032-6266
18,고객_018,25,M,울산,2020-02-21,Gold,292081,customer018@email.com,010-5354-7435
19,고객_019,49,F,부산,2020-02-24,Bronze,981794,customer019@email.com,010-8978-5238
20,고객_020,58,F,울산,2020-02-27,Bronze,974211,customer020@email.com,010-7112-5722
21,고객_021,42,M,인천,2020-03-01,Bronze,283363,customer021@email.com,010-2388-5185
22,고객_022,51,M,서울,2020-03-04,Bronze,19399,customer022@email.com,010-9911-4235
23,고객_023,41,M,인천,2020-03-07,Silver,661021,customer023@email.com,010-5576-2100
24,고객_024,61,M,인천,2020-03-10,Gold,764208,customer024@email.com,010-9864-9708
25,고객_025,62,M,대구,2020-03-13,Platinum,955161,customer025@email.com,010-3532-8770
26,고객_026,64,F,광주,2020-03-16,Gold,816479,customer026@email.com,010-4670-1781
27,고객_027,28,M,부산,2020-03-19,Bronze,241615,customer027@email.com,010-4523-7131
28,고객_028,50,F,서울,2020-03-22,Platinum,619981,customer028@email.com,010-5782-5995
29,고객_029,26,F,대전,2020-03-25,Silver,635219,customer029@email.com,010-2501-4080
30,고객_030,28,M,광주,2020-03-28,Bronze,999658,customer030@email.com,010-1502-4885
31,고객_031,32,F,광주,2020-03-31,Bronze,710251,customer031@email.com,010-9009-1623
32,고객_032,22,F,서울,2020-04-03,Platinum,147852,customer032@email.com,010-2050-8385
33,고객_033,54,M,광주,2020-04-06,Silver,299194,customer033@email.com,010-7081-6484
34,고객_034,52,F,대구,2020-04-09,Platinum,607839,customer034@email.com,010-4772-4916
35,고객_035,40,M,광주,2020-04-12,Silver,340810,customer035@email.com,010-5018-2329
36,고객_036,50,M,대구,2020-04-15,Bronze,758979,customer036@email.com,010-5114-4367
37,고객_037,53,M,부산,2020-04-18,Gold,616304,customer037@email.com,010-9095-6141
38,고객_038,51,F,부산,2020-04-21,Bronze,647423,customer038@email.com,010-4951-6084
39,고객_039,54,F,인천,2020-04-24,Gold,63010,customer039@email.com,010-2573-3634
40,고객_040,34,F,대구,2020-04-27,Gold,242084,customer040@email.com,010-3768-6302
41,고객_041,51,F,대전,2020-04-30,Silver,572453,customer041@email.com,010-7250-2211
42,고객_042,25,M,부산,2020-05-03,Platinum,283672,customer042@email.com,010-9967-6955
43,고객_043,64,F,광주,2020-05-06,Silver,917272,customer043@email.com,010-2160-6977
44,고객_044,40,M,서울,2020-05-09,Bronze,190680,customer044@email.com,010-8041-3383
45,고객_045,52,F,서울,2020-05-12,Platinum,409130,customer045@email.com,010-6876-4540
46,고객_046,51,F,울산,2020-05-15,Gold,571424,customer046@email.com,010-5635-2095
47,고객_047,38,F,대구,2020-05-18,Gold,938683,customer047@email.com,010-6901-9215
48,고객_048,52,F,대전,2020-05-21,Bronze,358152,customer048@email.com,010-2079-9370
49,고객_049,47,F,인천,2020-05-24,Platinum,546364,customer049@email.com,010-3847-2960
50,고객_050,50,M,광주,2020-05-27,Bronze,920343,customer050@email.com,010-2473-5888
51,고객_051,40,F,대구,2020-05-30,Bronze,690143,customer051@email.com,010-5979-2212
52,고객_052,53,F,울산,2020-06-02,Silver,913057,customer052@email.com,010-6697-1419
53,고객_053,34,F,서울,2020-06-05,Bronze,712076,customer053@email.com,010-4659-6283
54,고객_054,33,F,대구,2020-06-08,Platinum,584586,customer054@email.com,010-2340-6137
55,고객_055,38,M,광주,2020-06-11,Bronze,850736,customer055@email.com,010-6189-2361
56,고객_056,62,F,대전,2020-06-14,Platinum,875792,customer056@email.com,010-1591-1526
57,고객_057,34,M,대전,2020-06-17,Gold,79835,customer057@email.com,010-8855-2292
58,고객_058,25,F,부산,2020-06-20,Bronze,532757,customer058@email.com,010-2654-1187
59,고객_059,28,M,광주,2020-06-23,Platinum,646712,customer059@email.com,010-3758-9720
60,고객_060,56,M,울산,2020-06-26,Gold,673478,customer060@email.com,010-9625-7431
61,고객_061,39,M,부산,2020-06-29,Platinum,264394,customer061@email.com,010-7037-9494
62,고객_062,53,M,부산,2020-07-02,Gold,329055,customer062@email.com,010-5182-7973
63,고객_063,57,M,부산,2020-07-05,Silver,113088,customer063@email.com,010-1437-1832
64,고객_064,45,F,대구,2020-07-08,Bronze,549473,customer064@email.com,010-9988-9751
65,고객_065,37,M,울산,2020-07-11,Bronze,969296,customer065@email.com,010-9953-6794
66,고객_066,47,F,서울,2020-07-14,Gold,584901,customer066@email.com,010-4574-4785
67,고객_067,28,M,대전,2020-07-17,Silver,775372,customer067@email.com,010-6220-8750
68,고객_068,51,M,대구,2020-07-20,Platinum,174999,customer068@email.com,010-7818-1684
69,고객_069,25,F,서울,2020-07-23,Silver,272530,customer069@email.com,010-5233-1577
70,고객_070,33,M,대전,2020-07-26,Platinum,495369,customer070@email.com,010-9007-1227
71,고객_071,47,M,울산,2020-07-29,Platinum,475944,customer071@email.com,010-3328-3731
72,고객_072,43,M,울산,2020-08-01,Bronze,302164,customer072@email.com,010-1430-2709
73,고객_073,32,M,광주,2020-08-04,Gold,576966,customer073@email.com,010-6782-2234
74,고객_074,62,F,대전,2020-08-07,Bronze,227767,customer074@email.com,010-9493-6205
75,고객_075,31,M,대전,2020-08-10,Bronze,71394,customer075@email.com,010-2420-1768
76,고객_076,38,M,울산,2020-08-13,Bronze,734305,customer076@email.com,010-7034-9635
77,고객_077,40,F,대전,2020-08-16,Platinum,649665,customer077@email.com,010-4104-5355
78,고객_078,46,F,인천,2020-08-19,Bronze,656004,customer078@email.com,010-4305-2538
79,고객_079,38,M,광주,2020-08-22,Platinum,197486,customer079@email.com,010-2331-9168
80,고객_080,43,M,대구,2020-08-25,Gold,982320,customer080@email.com,010-7939-9261
81,고객_081,45,F,대구,2020-08-28,Platinum,590206,customer081@email.com,010-6558-6944
82,고객_082,64,M,서울,2020-08-31,Platinum,494497,customer082@email.com,010-8126-1480
83,고객_083,47,F,대구,2020-09-03,Silver,252556,customer083@email.com,010-6263-5094
84,고객_084,65,M,부산,2020-09-06,Bronze,387784,customer084@email.com,010-7167-3793
85,고객_085,37,F,대전,2020-09-09,Bronze,990198,customer085@email.com,010-3892-2198
86,고객_086,63,F,대구,2020-09-12,Bronze,694815,customer086@email.com,010-9011-3372
87,고객_087,55,F,서울,2020-09-15,Bronze,376590,customer087@email.com,010-2892-6790
88,고객_088,61,M,서울,2020-09-18,Silver,179807,customer088@email.com,010-2883-6467
89,고객_089,48,M,부산,2020-09-21,Silver,104702,customer089@email.com,010-1797-9209
90,고객_090,36,M,서울,2020-09-24,Silver,115509,customer090@email.com,010-9235-1154
91,고객_091,23,M,울산,2020-09-27,Silver,365752,customer091@email.com,010-5962-5080
92,고객_092,63,F,인천,2020-09-30,Bronze,124310,customer092@email.com,010-9050-6947
93,고객_093,64,F,울산,2020-10-03,Platinum,939613,customer093@email.com,010-5320-2892
94,고객_094,48,F,대전,2020-10-06,Gold,842234,customer094@email.com,010-4424-3015
95,고객_095,23,M,대전,2020-10-09,Silver,733380,customer095@email.com,010-7673-7032
96,고객_096,29,M,대전,2020-10-12,Platinum,568910,customer096@email.com,010-5833-1565
97,고객_097,44,M,광주,2020-10-15,Silver,119935,customer097@email.com,010-8412-3018
98,고객_098,50,F,대구,2020-10-18,Bronze,270440,customer098@email.com,010-3314-5412
99,고객_099,22,M,인천,2020-10-21,Bronze,127919,customer099@email.com,010-4883-9216
100,고객_100,66,M,대구,2020-10-24,Platinum,930101,customer100@email.com,010-7739-8902
101,고객_101,21,F,인천,2020-10-27,Platinum,968101,customer101@email.com,010-2189-8156
102,고객_102,44,F,대구,2020-10-30,Platinum,706314,customer102@email.com,010-8342-7884
103,고객_103,68,M,부산,2020-11-02,Bronze,79519,customer103@email.com,010-4157-6520
104,고객_104,25,F,울산,2020-11-05,Bronze,721475,customer104@email.com,010-2741-4688
105,고객_105,45,M,서울,2020-11-08,Gold,508204,customer105@email.com,010-8485-6369
106,고객_106,27,F,서울,2020-11-11,Platinum,970655,customer106@email.com,010-6644-5023
107,고객_107,54,F,울산,2020-11-14,Gold,266587,customer107@email.com,010-1716-4967
108,고객_108,46,F,부산,2020-11-17,Silver,158112,customer108@email.com,010-8423-7450
109,고객_109,44,M,인천,2020-11-20,Gold,54772,customer109@email.com,010-4215-8825
110,고객_110,37,M,울산,2020-11-23,Silver,132431,customer110@email.com,010-1390-4037
111,고객_111,20,M,광주,2020-11-26,Silver,892522,customer111@email.com,010-1232-4131
112,고객_112,67,F,인천,2020-11-29,Gold,204904,customer112@email.com,010-8634-1233
113,고객_113,58,F,서울,2020-12-02,Platinum,168988,customer113@email.com,010-2391-1889
114,고객_114,22,F,광주,2020-12-05,Silver,841303,customer114@email.com,010-8902-1745
115,고객_115,23,F,대구,2020-12-08,Platinum,524743,customer115@email.com,010-1427-1731
116,고객_116,60,M,광주,2020-12-11,Bronze,822804,customer116@email.com,010-1799-7507
117,고객_117,56,M,인천,2020-12-14,Silver,989211,customer117@email.com,010-8025-8624
118,고객_118,34,M,부산,2020-12-17,Bronze,49080,customer118@email.com,010-9326-6383
119,고객_119,27,F,대구,2020-12-20,Gold,116242,customer119@email.com,010-7207-3538
120,고객_120,57,F,인천,2020-12-23,Platinum,839154,customer120@email.com,010-4718-9232
121,고객_121,69,M,대구,2020-12-26,Gold,524080,customer121@email.com,010-4367-6008
122,고객_122,38,F,광주,2020-12-29,Silver,39048,customer122@email.com,010-6229-8388
123,고객_123,66,M,서울,2021-01-01,Bronze,619493,customer123@email.com,010-3415-8171
124,고객_124,45,F,인천,2021-01-04,Silver,937281,customer124@email.com,010-3949-5261
125,고객_125,58,F,부산,2021-01-07,Gold,326855,customer125@email.com,010-6145-4466
126,고객_126,29,M,울산,2021-01-10,Platinum,177403,customer126@email.com,010-4088-2115
127,고객_127,57,M,광주,2021-01-13,Platinum,266392,customer127@email.com,010-5578-3590
128,고객_128,33,F,인천,2021-01-16,Silver,30968,customer128@email.com,010-8372-4573
129,고객_129,68,M,부산,2021-01-19,Silver,457185,customer129@email.com,010-3978-8313
130,고객_130,60,M,인천,2021-01-22,Bronze,244417,customer130@email.com,010-8022-5975
131,고객_131,38,F,광주,2021-01-25,Gold,545580,customer131@email.com,010-5925-9047
132,고객_132,49,F,인천,2021-01-28,Silver,786230,customer132@email.com,010-9090-9051
133,고객_133,24,F,대구,2021-01-31,Bronze,968298,customer133@email.com,010-6292-7645
134,고객_134,50,M,광주,2021-02-03,Silver,351603,customer134@email.com,010-6403-4430
135,고객_135,26,F,인천,2021-02-06,Platinum,783292,customer135@email.com,010-2995-7030
136,고객_136,38,F,울산,2021-02-09,Bronze,846624,customer136@email.com,010-4891-8145
137,고객_137,50,F,서울,2021-02-12,Bronze,955207,customer137@email.com,010-9498-3102
138,고객_138,58,F,인천,2021-02-15,Silver,618481,customer138@email.com,010-4030-9524
139,고객_139,43,F,대구,2021-02-18,Gold,603453,customer139@email.com,010-9107-1242
140,고객_140,53,M,부산,2021-02-21,Platinum,864082,customer140@email.com,010-2884-9015
141,고객_141,42,F,울산,2021-02-24,Gold,984020,customer141@email.com,010-7747-9494
142,고객_142,67,F,부산,2021-02-27,Bronze,503197,customer142@email.com,010-5330-8863
143,고객_143,64,M,울산,2021-03-02,Gold,926290,customer143@email.com,010-4109-3186
144,고객_144,59,F,부산,2021-03-05,Bronze,635686,customer144@email.com,010-2550-1646
145,고객_145,25,F,서울,2021-03-08,Gold,756470,customer145@email.com,010-7144-5656
146,고객_146,57,M,대구,2021-03-11,Silver,894317,customer146@email.com,010-9904-1537
147,고객_147,60,F,광주,2021-03-14,Gold,163329,customer147@email.com,010-7572-1234
148,고객_148,55,M,부산,2021-03-17,Bronze,110588,customer148@email.com,010-7539-2374
149,고객_149,46,F,울산,2021-03-20,Platinum,375500,customer149@email.com,010-2909-8218
150,고객_150,30,M,대구,2021-03-23,Platinum,787110,customer150@email.com,010-1080-3083
151,고객_151,24,M,인천,2021-03-26,Platinum,534186,customer151@email.com,010-2690-1756
152,고객_152,36,F,서울,2021-03-29,Bronze,879941,customer152@email.com,010-3670-4751
153,고객_153,26,M,대구,2021-04-01,Gold,756633,customer153@email.com,010-9659-6261
154,고객_154,46,M,대구,2021-04-04,Platinum,323816,customer154@email.com,010-7852-2494
155,고객_155,66,F,광주,2021-04-07,Platinum,990812,customer155@email.com,010-6740-9055
156,고객_156,34,F,대구,2021-04-10,Platinum,742943,customer156@email.com,010-1901-1672
157,고객_157,65,M,광주,2021-04-13,Silver,522552,customer157@email.com,010-9630-1444
158,고객_158,32,F,서울,2021-04-16,Bronze,294257,customer158@email.com,010-9655-3198
159,고객_159,30,M,서울,2021-04-19,Bronze,272838,customer159@email.com,010-3287-5008
160,고객_160,64,M,인천,2021-04-22,Bronze,25588,customer160@email.com,010-1496-2463
161,고객_161,45,F,광주,2021-04-25,Bronze,727116,customer161@email.com,010-7828-5253
162,고객_162,41,F,광주,2021-04-28,Bronze,467301,customer162@email.com,010-1493-6065
163,고객_163,47,M,부산,2021-05-01,Silver,776719,customer163@email.com,010-6430-2426
164,고객_164,43,F,부산,2021-05-04,Gold,255456,customer164@email.com,010-2793-3723
165,고객_165,48,F,인천,2021-05-07,Silver,726502,customer165@email.com,010-1658-5761
166,고객_166,28,M,서울,2021-05-10,Platinum,74373,customer166@email.com,010-8630-9741
167,고객_167,61,M,대전,2021-05-13,Silver,882035,customer167@email.com,010-9834-5350
168,고객_168,23,M,부산,2021-05-16,Bronze,540992,customer168@email.com,010-1207-5190
169,고객_169,68,M,대구,2021-05-19,Silver,50136,customer169@email.com,010-2883-3886
170,고객_170,65,M,서울,2021-05-22,Bronze,601795,customer170@email.com,010-1477-9953
171,고객_171,37,M,대전,2021-05-25,Silver,57361,customer171@email.com,010-9381-7854
172,고객_172,62,F,대구,2021-05-28,Bronze,855279,customer172@email.com,010-1755-5931
173,고객_173,35,M,울산,2021-05-31,Platinum,902791,customer173@email.com,010-6724-5150
174,고객_174,52,F,광주,2021-06-03,Bronze,152513,customer174@email.com,010-5060-5765
175,고객_175,48,F,서울,2021-06-06,Silver,391050,customer175@email.com,010-4612-7553
176,고객_176,58,M,울산,2021-06-09,Platinum,24677,customer176@email.com,010-8378-2689
177,고객_177,29,F,인천,2021-06-12,Silver,824250,customer177@email.com,010-2316-8130
178,고객_178,28,M,광주,2021-06-15,Platinum,274012,customer178@email.com,010-4186-6789
179,고객_179,50,F,광주,2021-06-18,Gold,617879,customer179@email.com,010-2145-5394
180,고객_180,47,M,대구,2021-06-21,Gold,920394,customer180@email.com,010-8942-8548
181,고객_181,22,M,울산,2021-06-24,Gold,339408,customer181@email.com,010-1560-2912
182,고객_182,33,M,광주,2021-06-27,Silver,607456,customer182@email.com,010-2864-1296
183,고객_183,44,M,부산,2021-06-30,Silver,677403,customer183@email.com,010-3409-8630
184,고객_184,34,F,서울,2021-07-03,Platinum,81939,customer184@email.com,010-2461-5292
185,고객_185,21,F,부산,2021-07-06,Platinum,287876,customer185@email.com,010-3268-1994
186,고객_186,43,F,대구,2021-07-09,Platinum,851676,customer186@email.com,010-7554-1007
187,고객_187,33,F,대전,2021-07-12,Platinum,421742,customer187@email.com,010-3515-2417
188,고객_188,67,F,대구,2021-07-15,Bronze,805772,customer188@email.com,010-3316-8358
189,고객_189,26,M,서울,2021-07-18,Gold,769848,customer189@email.com,010-4932-7204
190,고객_190,55,M,광주,2021-07-21,Bronze,818826,customer190@email.com,010-2287-2118
191,고객_191,69,M,울산,2021-07-24,Bronze,370701,customer191@email.com,010-9744-8637
192,고객_192,43,M,울산,2021-07-27,Bronze,145174,customer192@email.com,010-1660-9907
193,고객_193,46,M,인천,2021-07-30,Bronze,505062,customer193@email.com,010-7922-9104
194,고객_194,56,F,대구,2021-08-02,Gold,553447,customer194@email.com,010-7337-3529
195,고객_195,57,M,서울,2021-08-05,Bronze,132366,customer195@email.com,010-4970-4407
196,고객_196,49,M,인천,2021-08-08,Platinum,206164,customer196@email.com,010-8416-5760
197,고객_197,46,F,광주,2021-08-11,Silver,802644,customer197@email.com,010-2897-7364
198,고객_198,58,F,대전,2021-08-14,Platinum,500576,customer198@email.com,010-9464-5087
199,고객_199,34,M,대구,2021-08-17,Silver,833837,customer199@email.com,010-5374-8607
200,고객_200,45,M,대전,2021-08-20,Platinum,402776,customer200@email.com,010-5019-1815
