review_id,product,rating,review_date,reviewer_name,verified_purchase,review_text
1,스마트워치,5,2023-01-01 00:00:00,사용자_001,False,만족 성능이 좋다 디자인이 추천 완벽
2,스마트폰,4,2023-01-01 01:00:00,사용자_002,False,우수 우수 좋다 만족 디자인이 최고 좋다 완벽 성능이 만족 추천 훌륭하다 훌륭하다 최고
3,이어폰,4,2023-01-01 02:00:00,사용자_003,True,좋다 우수 디자인이 품질이 품질이
4,태블릿,2,2023-01-01 03:00:00,사용자_004,True,별로 별로 디자인이 디자인이 디자인이 품질이 품질이 고장 문제 품질이 실망
5,이어폰,1,2023-01-01 04:00:00,사용자_005,False,불만 실망 별로 고장 불만 품질이 나쁘다 품질이 최악 품질이 별로 품질이 실망
6,이어폰,4,2023-01-01 05:00:00,사용자_006,False,최고 추천 추천 추천 만족 만족 우수 최고 최고 우수 훌륭하다 완벽 품질이
7,노트북,4,2023-01-01 06:00:00,사용자_007,True,최고 훌륭하다 우수 훌륭하다 품질이 완벽 좋다 만족 좋다
8,스마트워치,4,2023-01-01 07:00:00,사용자_008,True,품질이 완벽 완벽 훌륭하다 품질이 완벽 추천 우수 훌륭하다 성능이
9,노트북,1,2023-01-01 08:00:00,사용자_009,True,나쁘다 고장 품질이 최악 실망 불만 나쁘다 성능이 실망 불만
10,스마트폰,5,2023-01-01 09:00:00,사용자_010,True,훌륭하다 훌륭하다 만족 추천 만족 훌륭하다 최고
11,태블릿,5,2023-01-01 10:00:00,사용자_011,True,좋다 훌륭하다 완벽 완벽 완벽 추천 우수 훌륭하다 우수
12,태블릿,4,2023-01-01 11:00:00,사용자_012,True,최고 추천 좋다 훌륭하다 추천 성능이 추천 훌륭하다 추천 성능이
13,이어폰,4,2023-01-01 12:00:00,사용자_013,False,최고 좋다 추천 성능이 추천 추천 품질이 훌륭하다
14,이어폰,4,2023-01-01 13:00:00,사용자_014,False,추천 훌륭하다 우수 추천 최고
15,스마트워치,3,2023-01-01 14:00:00,사용자_015,True,성능이 적당 그럭저럭 적당 적당 품질이 무난 적당 평범 적당 보통
16,스마트워치,4,2023-01-01 15:00:00,사용자_016,True,최고 최고 추천 만족 훌륭하다 성능이
17,이어폰,4,2023-01-01 16:00:00,사용자_017,True,우수 좋다 최고 만족 좋다 최고 품질이 완벽 최고 훌륭하다 만족
18,스마트워치,3,2023-01-01 17:00:00,사용자_018,True,성능이 적당 품질이 그럭저럭 품질이 적당 그럭저럭 성능이 보통
19,노트북,4,2023-01-01 18:00:00,사용자_019,True,성능이 완벽 성능이 훌륭하다 성능이 만족
20,스마트워치,1,2023-01-01 19:00:00,사용자_020,True,문제 고장 품질이 나쁘다 불만 별로 고장
21,스마트폰,5,2023-01-01 20:00:00,사용자_021,False,우수 완벽 만족 만족 우수 추천 완벽 좋다 만족 우수 만족 우수 완벽 품질이
22,이어폰,3,2023-01-01 21:00:00,사용자_022,True,품질이 그럭저럭 무난 품질이 그럭저럭 품질이 적당 디자인이 무난 무난 평범 평범 무난
23,이어폰,4,2023-01-01 22:00:00,사용자_023,True,추천 최고 훌륭하다 우수 최고 추천 최고
24,스마트워치,5,2023-01-01 23:00:00,사용자_024,True,성능이 우수 좋다 디자인이 완벽 우수 추천 최고 좋다 훌륭하다
25,스마트워치,5,2023-01-02 00:00:00,사용자_025,True,완벽 디자인이 최고 만족 성능이 최고 우수 완벽 성능이 품질이 완벽 완벽
26,이어폰,4,2023-01-02 01:00:00,사용자_026,True,최고 최고 훌륭하다 훌륭하다 훌륭하다 훌륭하다 우수 품질이 품질이 우수 우수 추천 최고 완벽
27,스마트폰,5,2023-01-02 02:00:00,사용자_027,True,우수 최고 우수 품질이 완벽 우수 만족
28,스마트폰,4,2023-01-02 03:00:00,사용자_028,True,추천 우수 우수 디자인이 추천 성능이
29,노트북,1,2023-01-02 04:00:00,사용자_029,False,고장 고장 디자인이 품질이 품질이 디자인이 품질이 고장 나쁘다 문제 문제 문제 문제 실망
30,노트북,4,2023-01-02 05:00:00,사용자_030,True,디자인이 완벽 추천 훌륭하다 좋다 훌륭하다 훌륭하다 디자인이
31,태블릿,3,2023-01-02 06:00:00,사용자_031,True,성능이 그럭저럭 품질이 평범 적당 그럭저럭 디자인이 적당 보통 보통
32,이어폰,3,2023-01-02 07:00:00,사용자_032,True,보통 적당 보통 평범 그럭저럭 보통 평범 디자인이 평범 적당
33,스마트폰,4,2023-01-02 08:00:00,사용자_033,True,우수 추천 품질이 만족 우수 완벽 추천
34,이어폰,4,2023-01-02 09:00:00,사용자_034,False,완벽 추천 좋다 만족 훌륭하다 완벽 훌륭하다 만족 최고 우수 우수
35,태블릿,5,2023-01-02 10:00:00,사용자_035,True,만족 추천 품질이 품질이 최고 완벽 좋다 추천 완벽 성능이 추천
36,태블릿,5,2023-01-02 11:00:00,사용자_036,True,완벽 만족 우수 우수 디자인이 훌륭하다 좋다 완벽 품질이 우수
37,스마트워치,2,2023-01-02 12:00:00,사용자_037,True,불만 디자인이 문제 별로 품질이 최악 문제 최악 실망 최악
38,노트북,1,2023-01-02 13:00:00,사용자_038,False,고장 성능이 실망 불만 최악 나쁘다 나쁘다 실망 문제
39,노트북,4,2023-01-02 14:00:00,사용자_039,False,완벽 훌륭하다 훌륭하다 훌륭하다 훌륭하다 완벽 좋다
40,태블릿,2,2023-01-02 15:00:00,사용자_040,False,불만 고장 문제 디자인이 나쁘다 고장 별로 품질이 별로 별로 별로 고장 불만
41,스마트워치,4,2023-01-02 16:00:00,사용자_041,True,훌륭하다 훌륭하다 만족 만족 디자인이 디자인이 훌륭하다 완벽 만족 우수 최고
42,태블릿,3,2023-01-02 17:00:00,사용자_042,True,보통 성능이 적당 평범 평범 디자인이 그럭저럭
43,노트북,5,2023-01-02 18:00:00,사용자_043,True,좋다 좋다 우수 만족 성능이 만족 추천 만족 품질이 성능이 추천 만족
44,이어폰,2,2023-01-02 19:00:00,사용자_044,True,최악 별로 최악 별로 성능이 디자인이 고장
45,노트북,4,2023-01-02 20:00:00,사용자_045,True,훌륭하다 훌륭하다 우수 훌륭하다 추천 만족
46,스마트폰,4,2023-01-02 21:00:00,사용자_046,True,추천 만족 성능이 좋다 성능이 좋다
47,노트북,2,2023-01-02 22:00:00,사용자_047,True,고장 실망 고장 나쁘다 별로 최악 고장 실망 성능이 별로 문제
48,스마트워치,2,2023-01-02 23:00:00,사용자_048,True,최악 실망 고장 불만 품질이 문제 품질이 디자인이 최악 별로 최악 실망
49,노트북,5,2023-01-03 00:00:00,사용자_049,True,품질이 성능이 디자인이 품질이 좋다 디자인이
50,이어폰,2,2023-01-03 01:00:00,사용자_050,True,별로 나쁘다 최악 나쁘다 고장 고장 별로 최악
51,태블릿,5,2023-01-03 02:00:00,사용자_051,True,좋다 최고 품질이 최고 최고 추천 최고 추천 훌륭하다 만족 추천
52,스마트워치,5,2023-01-03 03:00:00,사용자_052,True,우수 좋다 좋다 좋다 좋다 좋다
53,스마트워치,5,2023-01-03 04:00:00,사용자_053,True,최고 좋다 디자인이 훌륭하다 품질이 좋다
54,스마트워치,2,2023-01-03 05:00:00,사용자_054,False,실망 불만 문제 나쁘다 최악 최악 고장 불만
55,스마트폰,5,2023-01-03 06:00:00,사용자_055,False,완벽 훌륭하다 추천 추천 우수 추천 추천 완벽 최고 완벽 품질이 좋다 추천
56,태블릿,3,2023-01-03 07:00:00,사용자_056,True,그럭저럭 그럭저럭 성능이 무난 보통 적당
57,태블릿,5,2023-01-03 08:00:00,사용자_057,True,품질이 완벽 좋다 품질이 품질이 우수 품질이 만족 품질이 추천 만족 좋다 추천
58,태블릿,3,2023-01-03 09:00:00,사용자_058,True,무난 적당 적당 무난 적당 적당 성능이 무난 보통 적당 무난 품질이 품질이
59,스마트폰,3,2023-01-03 10:00:00,사용자_059,True,성능이 품질이 품질이 성능이 그럭저럭 디자인이 보통 평범 성능이 적당 적당 보통 품질이 평범
60,이어폰,3,2023-01-03 11:00:00,사용자_060,True,그럭저럭 무난 적당 성능이 보통 디자인이 적당 품질이 무난 그럭저럭
61,스마트워치,1,2023-01-03 12:00:00,사용자_061,True,별로 나쁘다 성능이 품질이 문제 나쁘다 별로 성능이 최악 문제
62,이어폰,4,2023-01-03 13:00:00,사용자_062,True,훌륭하다 훌륭하다 완벽 만족 우수 추천 좋다 디자인이 만족 훌륭하다 품질이 우수
63,이어폰,5,2023-01-03 14:00:00,사용자_063,True,좋다 최고 훌륭하다 훌륭하다 훌륭하다 훌륭하다 만족 우수 훌륭하다 훌륭하다
64,스마트워치,1,2023-01-03 15:00:00,사용자_064,True,성능이 문제 디자인이 최악 고장 불만 별로 문제 별로
65,태블릿,4,2023-01-03 16:00:00,사용자_065,True,추천 추천 좋다 완벽 좋다 만족 만족 훌륭하다 우수
66,이어폰,5,2023-01-03 17:00:00,사용자_066,True,만족 만족 좋다 훌륭하다 추천 만족 좋다 우수 완벽
67,스마트워치,5,2023-01-03 18:00:00,사용자_067,True,완벽 완벽 우수 우수 디자인이 만족 우수
68,노트북,1,2023-01-03 19:00:00,사용자_068,False,불만 디자인이 최악 실망 실망 문제 성능이 고장 성능이 디자인이 실망
69,이어폰,3,2023-01-03 20:00:00,사용자_069,True,디자인이 무난 적당 평범 디자인이 평범 품질이 그럭저럭 보통 그럭저럭
70,이어폰,2,2023-01-03 21:00:00,사용자_070,True,불만 고장 품질이 나쁘다 별로 문제 최악 문제 나쁘다
71,노트북,1,2023-01-03 22:00:00,사용자_071,True,나쁘다 나쁘다 불만 나쁘다 고장 실망
72,이어폰,5,2023-01-03 23:00:00,사용자_072,True,완벽 추천 디자인이 최고 추천 디자인이 우수 성능이 최고 좋다 우수 디자인이 훌륭하다 디자인이
73,스마트폰,3,2023-01-04 00:00:00,사용자_073,True,평범 무난 그럭저럭 보통 평범 보통 그럭저럭 보통 그럭저럭 보통
74,스마트폰,1,2023-01-04 01:00:00,사용자_074,True,고장 문제 품질이 문제 최악 최악 문제
75,노트북,4,2023-01-04 02:00:00,사용자_075,False,추천 좋다 추천 완벽 우수 최고 추천 최고 디자인이 좋다 품질이 추천
76,태블릿,5,2023-01-04 03:00:00,사용자_076,False,품질이 완벽 추천 훌륭하다 좋다 훌륭하다
77,노트북,5,2023-01-04 04:00:00,사용자_077,True,좋다 우수 우수 훌륭하다 추천 만족 좋다 추천 우수
78,스마트워치,3,2023-01-04 05:00:00,사용자_078,False,그럭저럭 그럭저럭 품질이 무난 품질이 그럭저럭 평범 보통 평범 그럭저럭 적당 품질이 적당 적당
79,스마트폰,2,2023-01-04 06:00:00,사용자_079,True,디자인이 고장 품질이 문제 최악 나쁘다 불만 고장 디자인이
80,태블릿,2,2023-01-04 07:00:00,사용자_080,True,나쁘다 고장 불만 품질이 문제 불만 나쁘다 디자인이 고장 별로 나쁘다 문제
81,스마트폰,4,2023-01-04 08:00:00,사용자_081,False,좋다 훌륭하다 훌륭하다 우수 좋다 추천 좋다 만족 추천 우수
82,태블릿,5,2023-01-04 09:00:00,사용자_082,True,좋다 추천 좋다 만족 훌륭하다 훌륭하다 추천 완벽 만족 우수 우수 완벽
83,스마트워치,1,2023-01-04 10:00:00,사용자_083,True,실망 불만 별로 불만 별로 문제 불만 불만 실망 최악 별로 고장
84,스마트워치,3,2023-01-04 11:00:00,사용자_084,False,품질이 평범 그럭저럭 디자인이 성능이 그럭저럭 디자인이 그럭저럭 보통 무난 평범 보통 적당
85,태블릿,3,2023-01-04 12:00:00,사용자_085,True,무난 평범 그럭저럭 성능이 적당 보통 평범 성능이 평범 품질이 그럭저럭
86,스마트워치,3,2023-01-04 13:00:00,사용자_086,True,디자인이 그럭저럭 보통 무난 적당 적당 보통 성능이 적당 그럭저럭 평범
87,태블릿,5,2023-01-04 14:00:00,사용자_087,True,완벽 만족 완벽 좋다 완벽 우수 만족 추천 성능이 만족 디자인이 우수 최고
88,스마트폰,4,2023-01-04 15:00:00,사용자_088,True,품질이 추천 추천 완벽 완벽
89,태블릿,3,2023-01-04 16:00:00,사용자_089,True,무난 디자인이 무난 무난 무난 평범
90,스마트워치,4,2023-01-04 17:00:00,사용자_090,True,훌륭하다 우수 성능이 만족 좋다
91,스마트워치,5,2023-01-04 18:00:00,사용자_091,True,완벽 훌륭하다 완벽 만족 최고 우수 훌륭하다 훌륭하다 훌륭하다 좋다 완벽
92,스마트워치,4,2023-01-04 19:00:00,사용자_092,True,우수 추천 최고 만족 디자인이 최고 최고 만족 추천 완벽 만족 성능이 우수 우수
93,스마트폰,4,2023-01-04 20:00:00,사용자_093,True,훌륭하다 최고 추천 최고 최고 품질이 디자인이
94,이어폰,4,2023-01-04 21:00:00,사용자_094,True,좋다 우수 훌륭하다 품질이 좋다 최고 추천 품질이 좋다
95,태블릿,2,2023-01-04 22:00:00,사용자_095,True,나쁘다 최악 나쁘다 문제 문제 최악 나쁘다 최악 문제 최악 최악 별로 디자인이
96,노트북,4,2023-01-04 23:00:00,사용자_096,True,좋다 만족 우수 우수 만족
97,스마트워치,3,2023-01-05 00:00:00,사용자_097,True,디자인이 무난 무난 적당 평범 평범 평범 보통 평범 보통 디자인이 보통 무난 품질이
98,스마트폰,3,2023-01-05 01:00:00,사용자_098,True,적당 적당 적당 평범 보통 평범
99,태블릿,2,2023-01-05 02:00:00,사용자_099,True,나쁘다 문제 고장 불만 문제 불만
100,스마트폰,4,2023-01-05 03:00:00,사용자_100,True,최고 훌륭하다 최고 우수 품질이 우수 품질이
101,노트북,4,2023-01-05 04:00:00,사용자_101,True,만족 훌륭하다 만족 완벽 최고 추천 추천 완벽 좋다 훌륭하다
102,이어폰,4,2023-01-05 05:00:00,사용자_102,False,디자인이 최고 추천 우수 품질이 최고 우수
103,태블릿,4,2023-01-05 06:00:00,사용자_103,True,완벽 훌륭하다 좋다 좋다 품질이 추천 최고
104,이어폰,5,2023-01-05 07:00:00,사용자_104,False,최고 훌륭하다 최고 좋다 완벽 만족 품질이 좋다
105,노트북,2,2023-01-05 08:00:00,사용자_105,True,품질이 품질이 문제 실망 고장 실망 성능이
106,이어폰,4,2023-01-05 09:00:00,사용자_106,True,좋다 최고 추천 훌륭하다 좋다 훌륭하다 디자인이 추천 우수 우수 추천 우수 훌륭하다
107,스마트폰,5,2023-01-05 10:00:00,사용자_107,False,품질이 최고 추천 만족 최고 좋다 디자인이
108,이어폰,4,2023-01-05 11:00:00,사용자_108,True,성능이 최고 추천 최고 성능이 만족 성능이 추천 만족
109,노트북,3,2023-01-05 12:00:00,사용자_109,True,평범 보통 적당 무난 그럭저럭 무난
110,노트북,3,2023-01-05 13:00:00,사용자_110,False,적당 보통 그럭저럭 그럭저럭 평범 무난 적당
111,이어폰,2,2023-01-05 14:00:00,사용자_111,True,실망 고장 별로 최악 나쁘다 문제
112,태블릿,5,2023-01-05 15:00:00,사용자_112,True,완벽 성능이 훌륭하다 디자인이 완벽 성능이 디자인이 성능이 훌륭하다 좋다 완벽 만족 최고 좋다
113,이어폰,4,2023-01-05 16:00:00,사용자_113,False,우수 훌륭하다 우수 훌륭하다 품질이
114,태블릿,3,2023-01-05 17:00:00,사용자_114,True,보통 품질이 무난 평범 적당
115,스마트폰,1,2023-01-05 18:00:00,사용자_115,True,품질이 고장 문제 불만 별로 최악 최악
116,노트북,4,2023-01-05 19:00:00,사용자_116,True,완벽 완벽 훌륭하다 추천 우수
117,스마트워치,3,2023-01-05 20:00:00,사용자_117,True,디자인이 그럭저럭 보통 그럭저럭 그럭저럭 무난 평범 성능이 디자인이 그럭저럭 평범 디자인이
118,스마트폰,2,2023-01-05 21:00:00,사용자_118,True,실망 고장 최악 불만 문제 디자인이 고장 최악 고장 별로 고장 품질이
119,이어폰,5,2023-01-05 22:00:00,사용자_119,True,완벽 완벽 디자인이 최고 훌륭하다 만족 최고 만족 완벽
120,이어폰,5,2023-01-05 23:00:00,사용자_120,True,추천 추천 추천 훌륭하다 최고 성능이 만족 만족
121,태블릿,4,2023-01-06 00:00:00,사용자_121,True,훌륭하다 성능이 훌륭하다 추천 훌륭하다 성능이 완벽 훌륭하다 우수
122,이어폰,1,2023-01-06 01:00:00,사용자_122,True,별로 문제 나쁘다 문제 불만 문제 별로 고장
123,이어폰,5,2023-01-06 02:00:00,사용자_123,True,우수 최고 훌륭하다 디자인이 추천 성능이 만족 좋다 완벽 만족 좋다 최고 만족
124,이어폰,3,2023-01-06 03:00:00,사용자_124,True,무난 디자인이 디자인이 품질이 디자인이 무난 품질이 무난 적당
125,이어폰,4,2023-01-06 04:00:00,사용자_125,True,훌륭하다 최고 품질이 만족 만족 훌륭하다 성능이 좋다 우수 우수 우수 완벽 만족
126,이어폰,5,2023-01-06 05:00:00,사용자_126,True,훌륭하다 추천 최고 우수 성능이 최고
127,이어폰,3,2023-01-06 06:00:00,사용자_127,True,보통 적당 디자인이 보통 적당 평범
128,노트북,1,2023-01-06 07:00:00,사용자_128,True,고장 별로 불만 최악 불만 나쁘다 최악
129,스마트워치,5,2023-01-06 08:00:00,사용자_129,True,완벽 최고 만족 좋다 좋다 최고
130,태블릿,4,2023-01-06 09:00:00,사용자_130,True,우수 품질이 완벽 좋다 성능이 우수 좋다 만족
131,태블릿,5,2023-01-06 10:00:00,사용자_131,True,우수 만족 훌륭하다 최고 훌륭하다 만족 최고 최고 디자인이
132,태블릿,4,2023-01-06 11:00:00,사용자_132,True,좋다 완벽 디자인이 만족 우수 완벽 훌륭하다 품질이 완벽 훌륭하다 디자인이 완벽 좋다 추천
133,스마트워치,4,2023-01-06 12:00:00,사용자_133,True,만족 훌륭하다 좋다 훌륭하다 훌륭하다 우수 훌륭하다
134,스마트워치,5,2023-01-06 13:00:00,사용자_134,False,완벽 우수 최고 품질이 최고 만족 완벽
135,이어폰,1,2023-01-06 14:00:00,사용자_135,True,고장 최악 성능이 나쁘다 불만
136,스마트워치,2,2023-01-06 15:00:00,사용자_136,False,나쁘다 최악 불만 실망 실망 별로 실망 성능이 디자인이 별로 문제 성능이
137,스마트워치,4,2023-01-06 16:00:00,사용자_137,True,우수 좋다 최고 우수 우수 완벽
138,노트북,4,2023-01-06 17:00:00,사용자_138,False,우수 성능이 최고 만족 훌륭하다 성능이 훌륭하다 우수 성능이 좋다 성능이 최고
139,스마트워치,5,2023-01-06 18:00:00,사용자_139,True,만족 최고 훌륭하다 성능이 완벽 좋다 좋다 디자인이
140,스마트워치,2,2023-01-06 19:00:00,사용자_140,True,불만 별로 실망 성능이 최악 불만 실망 나쁘다 별로 불만 별로
141,스마트워치,3,2023-01-06 20:00:00,사용자_141,True,평범 품질이 보통 적당 성능이 보통 그럭저럭
142,태블릿,1,2023-01-06 21:00:00,사용자_142,True,실망 나쁘다 최악 고장 불만 최악 나쁘다 별로 문제 품질이 성능이 고장
143,이어폰,3,2023-01-06 22:00:00,사용자_143,True,무난 보통 디자인이 성능이 보통 보통 성능이 무난 보통
144,스마트폰,4,2023-01-06 23:00:00,사용자_144,True,우수 좋다 우수 만족 완벽 좋다 좋다
145,태블릿,4,2023-01-07 00:00:00,사용자_145,True,완벽 최고 우수 좋다 완벽 좋다
146,이어폰,2,2023-01-07 01:00:00,사용자_146,True,실망 별로 문제 문제 최악
147,이어폰,4,2023-01-07 02:00:00,사용자_147,True,디자인이 훌륭하다 최고 추천 추천 훌륭하다 추천
148,이어폰,5,2023-01-07 03:00:00,사용자_148,False,만족 좋다 만족 좋다 만족 완벽 우수
149,이어폰,1,2023-01-07 04:00:00,사용자_149,False,나쁘다 디자인이 디자인이 성능이 문제 실망 품질이 나쁘다 별로 실망 나쁘다
150,스마트폰,4,2023-01-07 05:00:00,사용자_150,True,추천 최고 추천 훌륭하다 완벽
151,스마트폰,1,2023-01-07 06:00:00,사용자_151,True,품질이 최악 실망 품질이 별로 불만 문제 최악 불만 고장 실망 나쁘다 문제
152,스마트워치,4,2023-01-07 07:00:00,사용자_152,True,성능이 만족 최고 품질이 훌륭하다 훌륭하다 만족 품질이 추천 훌륭하다 만족 만족 디자인이
153,스마트워치,1,2023-01-07 08:00:00,사용자_153,True,성능이 문제 문제 별로 실망 실망 문제 별로 실망 별로
154,이어폰,5,2023-01-07 09:00:00,사용자_154,True,추천 만족 우수 추천 최고 만족
155,노트북,2,2023-01-07 10:00:00,사용자_155,True,불만 별로 최악 실망 실망 나쁘다 문제 고장 성능이 실망 문제 불만 실망
156,스마트폰,1,2023-01-07 11:00:00,사용자_156,True,문제 최악 별로 최악 성능이 최악 나쁘다 실망 불만 품질이 품질이 나쁘다 고장 고장
157,스마트워치,5,2023-01-07 12:00:00,사용자_157,False,추천 완벽 만족 우수 디자인이 추천 최고
158,스마트폰,3,2023-01-07 13:00:00,사용자_158,True,적당 적당 무난 그럭저럭 디자인이 그럭저럭 품질이 평범 적당 품질이 성능이 그럭저럭
159,스마트워치,4,2023-01-07 14:00:00,사용자_159,True,디자인이 최고 완벽 추천 훌륭하다
160,태블릿,1,2023-01-07 15:00:00,사용자_160,True,고장 최악 불만 별로 문제 나쁘다 성능이 최악 불만 품질이
161,태블릿,4,2023-01-07 16:00:00,사용자_161,True,최고 성능이 좋다 훌륭하다 만족 추천 성능이 품질이 성능이 우수 만족 성능이
162,스마트폰,5,2023-01-07 17:00:00,사용자_162,True,만족 최고 품질이 최고 성능이 최고 좋다 우수 완벽 디자인이 디자인이 최고 우수
163,이어폰,5,2023-01-07 18:00:00,사용자_163,True,완벽 우수 최고 만족 만족 훌륭하다 훌륭하다
164,스마트폰,5,2023-01-07 19:00:00,사용자_164,True,좋다 추천 품질이 품질이 좋다 만족 훌륭하다 추천 완벽 완벽 최고
165,스마트폰,4,2023-01-07 20:00:00,사용자_165,True,완벽 훌륭하다 좋다 좋다 완벽 우수 품질이
166,이어폰,1,2023-01-07 21:00:00,사용자_166,True,나쁘다 별로 고장 문제 별로
167,태블릿,3,2023-01-07 22:00:00,사용자_167,True,무난 그럭저럭 무난 성능이 무난 성능이 보통 디자인이 그럭저럭
168,스마트폰,3,2023-01-07 23:00:00,사용자_168,True,그럭저럭 무난 무난 보통 평범 그럭저럭
169,이어폰,4,2023-01-08 00:00:00,사용자_169,True,우수 품질이 좋다 만족 최고 최고 추천 최고 최고 최고 우수
170,태블릿,4,2023-01-08 01:00:00,사용자_170,True,만족 만족 최고 완벽 완벽 추천 최고 만족 품질이 품질이 훌륭하다 좋다
171,스마트폰,2,2023-01-08 02:00:00,사용자_171,True,고장 최악 디자인이 나쁘다 문제 나쁘다 성능이 문제 문제 최악
172,이어폰,3,2023-01-08 03:00:00,사용자_172,True,무난 그럭저럭 무난 무난 성능이 그럭저럭 무난 적당 무난
173,노트북,4,2023-01-08 04:00:00,사용자_173,True,디자인이 완벽 완벽 훌륭하다 만족 우수 훌륭하다 완벽 훌륭하다 최고 추천 완벽 추천
174,노트북,4,2023-01-08 05:00:00,사용자_174,True,성능이 우수 좋다 추천 좋다 우수 품질이 훌륭하다 최고 품질이 우수 우수 성능이 추천
175,스마트폰,3,2023-01-08 06:00:00,사용자_175,True,그럭저럭 평범 평범 그럭저럭 보통 디자인이 무난 보통 품질이
176,스마트워치,4,2023-01-08 07:00:00,사용자_176,False,품질이 완벽 완벽 좋다 우수
177,이어폰,5,2023-01-08 08:00:00,사용자_177,True,완벽 품질이 좋다 완벽 만족 훌륭하다 우수 추천 완벽 좋다 좋다 추천
178,스마트폰,5,2023-01-08 09:00:00,사용자_178,True,최고 품질이 추천 완벽 만족 최고 훌륭하다 우수 만족 추천 추천 완벽 훌륭하다
179,노트북,3,2023-01-08 10:00:00,사용자_179,True,보통 평범 무난 보통 무난 성능이 무난 적당
180,태블릿,1,2023-01-08 11:00:00,사용자_180,True,불만 고장 디자인이 최악 최악 실망 별로 디자인이
181,스마트워치,1,2023-01-08 12:00:00,사용자_181,False,문제 나쁘다 최악 불만 품질이 나쁘다
182,태블릿,3,2023-01-08 13:00:00,사용자_182,False,그럭저럭 그럭저럭 보통 보통 무난 디자인이 그럭저럭 평범 그럭저럭 보통 성능이 그럭저럭 디자인이
183,태블릿,3,2023-01-08 14:00:00,사용자_183,True,성능이 무난 무난 보통 보통
184,스마트폰,4,2023-01-08 15:00:00,사용자_184,True,훌륭하다 최고 품질이 완벽 디자인이 최고 훌륭하다 추천 우수 우수 만족
185,이어폰,4,2023-01-08 16:00:00,사용자_185,True,추천 추천 완벽 품질이 만족 만족 좋다 우수 추천 추천 최고 완벽
186,태블릿,3,2023-01-08 17:00:00,사용자_186,True,디자인이 적당 그럭저럭 보통 무난
187,스마트폰,4,2023-01-08 18:00:00,사용자_187,True,만족 추천 우수 만족 좋다 추천 추천 최고 성능이 디자인이 완벽 디자인이 완벽
188,스마트워치,4,2023-01-08 19:00:00,사용자_188,True,만족 완벽 만족 추천 최고 우수 우수 디자인이 추천 만족 디자인이 최고 훌륭하다
189,태블릿,5,2023-01-08 20:00:00,사용자_189,True,우수 좋다 품질이 성능이 우수 훌륭하다
190,스마트워치,1,2023-01-08 21:00:00,사용자_190,True,디자인이 성능이 최악 실망 최악 성능이 문제 불만
191,스마트폰,4,2023-01-08 22:00:00,사용자_191,False,좋다 훌륭하다 완벽 최고 우수 우수 최고 성능이 훌륭하다 훌륭하다 훌륭하다 추천 훌륭하다 추천
192,스마트폰,5,2023-01-08 23:00:00,사용자_192,True,우수 성능이 훌륭하다 우수 훌륭하다 완벽 완벽 좋다 좋다 완벽 좋다
193,노트북,5,2023-01-09 00:00:00,사용자_193,True,성능이 추천 완벽 완벽 디자인이
194,스마트워치,4,2023-01-09 01:00:00,사용자_194,True,우수 좋다 좋다 만족 추천 품질이 만족 좋다 디자인이 좋다 만족 디자인이
195,노트북,3,2023-01-09 02:00:00,사용자_195,False,평범 그럭저럭 무난 평범 보통 그럭저럭 적당 품질이 성능이 적당 그럭저럭
196,스마트워치,5,2023-01-09 03:00:00,사용자_196,False,만족 만족 훌륭하다 완벽 품질이 완벽 성능이 추천
197,태블릿,2,2023-01-09 04:00:00,사용자_197,True,문제 품질이 실망 디자인이 품질이 품질이 고장 나쁘다 실망 디자인이 최악 나쁘다 별로 별로
198,노트북,3,2023-01-09 05:00:00,사용자_198,True,평범 그럭저럭 보통 보통 적당 성능이 적당 평범 품질이 품질이 보통
199,태블릿,5,2023-01-09 06:00:00,사용자_199,True,완벽 훌륭하다 훌륭하다 최고 좋다 품질이 완벽 좋다 완벽 만족 완벽 훌륭하다
200,스마트워치,4,2023-01-09 07:00:00,사용자_200,True,추천 완벽 추천 성능이 우수
201,스마트워치,5,2023-01-09 08:00:00,사용자_201,True,성능이 좋다 우수 품질이 최고
202,노트북,3,2023-01-09 09:00:00,사용자_202,True,무난 적당 그럭저럭 그럭저럭 보통 보통 평범 품질이
203,태블릿,5,2023-01-09 10:00:00,사용자_203,True,우수 완벽 완벽 우수 만족 성능이 품질이 좋다 좋다
204,스마트워치,4,2023-01-09 11:00:00,사용자_204,True,추천 완벽 최고 품질이 좋다 우수 품질이 좋다 훌륭하다
205,스마트워치,4,2023-01-09 12:00:00,사용자_205,True,추천 품질이 추천 훌륭하다 훌륭하다 우수 우수 훌륭하다 훌륭하다
206,스마트워치,3,2023-01-09 13:00:00,사용자_206,True,평범 무난 품질이 그럭저럭 적당 성능이 품질이
207,스마트워치,3,2023-01-09 14:00:00,사용자_207,True,적당 품질이 무난 성능이 보통 적당
208,스마트워치,3,2023-01-09 15:00:00,사용자_208,True,그럭저럭 적당 품질이 평범 적당 성능이 적당 보통 보통 성능이 성능이 적당
209,스마트워치,4,2023-01-09 16:00:00,사용자_209,True,성능이 품질이 최고 만족 완벽 추천 완벽 최고 만족 추천 추천 좋다 만족 추천
210,스마트폰,3,2023-01-09 17:00:00,사용자_210,True,성능이 디자인이 적당 무난 품질이 성능이 디자인이
211,스마트폰,3,2023-01-09 18:00:00,사용자_211,True,보통 무난 적당 품질이 적당 그럭저럭 성능이 그럭저럭
212,태블릿,3,2023-01-09 19:00:00,사용자_212,True,그럭저럭 그럭저럭 보통 그럭저럭 평범 평범 그럭저럭 적당 디자인이 품질이 무난 보통 보통
213,태블릿,4,2023-01-09 20:00:00,사용자_213,True,추천 품질이 디자인이 좋다 완벽 우수 우수 훌륭하다
214,이어폰,4,2023-01-09 21:00:00,사용자_214,False,추천 완벽 디자인이 우수 성능이 최고 훌륭하다 완벽
215,스마트폰,4,2023-01-09 22:00:00,사용자_215,True,성능이 완벽 완벽 우수 최고 완벽 훌륭하다 만족
216,노트북,4,2023-01-09 23:00:00,사용자_216,True,훌륭하다 좋다 최고 만족 최고 추천 추천 훌륭하다 훌륭하다 훌륭하다
217,스마트워치,4,2023-01-10 00:00:00,사용자_217,True,훌륭하다 추천 완벽 좋다 디자인이 디자인이 최고
218,태블릿,5,2023-01-10 01:00:00,사용자_218,True,추천 추천 최고 완벽 완벽 좋다 품질이 만족 완벽 추천 디자인이 만족 완벽
219,노트북,3,2023-01-10 02:00:00,사용자_219,False,적당 평범 성능이 무난 보통 보통 평범
220,태블릿,4,2023-01-10 03:00:00,사용자_220,True,디자인이 최고 최고 최고 완벽 성능이 만족 디자인이
221,스마트폰,4,2023-01-10 04:00:00,사용자_221,True,추천 최고 완벽 훌륭하다 최고 좋다 우수 좋다 성능이 최고 성능이 품질이
222,노트북,4,2023-01-10 05:00:00,사용자_222,True,완벽 완벽 추천 디자인이 성능이 훌륭하다
223,스마트워치,3,2023-01-10 06:00:00,사용자_223,True,적당 그럭저럭 보통 평범 평범 그럭저럭 적당 적당 적당 성능이 무난 평범 평범 적당
224,태블릿,5,2023-01-10 07:00:00,사용자_224,True,훌륭하다 훌륭하다 만족 만족 훌륭하다 최고 좋다 좋다 훌륭하다 완벽 훌륭하다 디자인이 성능이 최고
225,태블릿,3,2023-01-10 08:00:00,사용자_225,True,평범 무난 그럭저럭 보통 평범 성능이 적당 그럭저럭
226,태블릿,5,2023-01-10 09:00:00,사용자_226,True,성능이 좋다 훌륭하다 훌륭하다 디자인이 추천 좋다 디자인이 품질이
227,이어폰,5,2023-01-10 10:00:00,사용자_227,False,우수 완벽 좋다 좋다 좋다 만족 추천 추천
228,스마트폰,4,2023-01-10 11:00:00,사용자_228,False,만족 최고 추천 우수 추천 완벽 만족 최고 최고 훌륭하다 추천 디자인이 우수
229,이어폰,3,2023-01-10 12:00:00,사용자_229,True,품질이 그럭저럭 보통 그럭저럭 평범 적당 적당 평범 보통 그럭저럭 보통 적당
230,스마트워치,5,2023-01-10 13:00:00,사용자_230,False,성능이 좋다 최고 완벽 성능이 품질이 추천 최고
231,이어폰,5,2023-01-10 14:00:00,사용자_231,False,좋다 우수 우수 디자인이 훌륭하다 디자인이 좋다 추천 성능이 완벽
232,태블릿,3,2023-01-10 15:00:00,사용자_232,True,평범 평범 그럭저럭 그럭저럭 보통 디자인이 보통 성능이 디자인이 평범 무난 보통
233,스마트워치,4,2023-01-10 16:00:00,사용자_233,True,훌륭하다 좋다 우수 훌륭하다 만족 좋다 최고 성능이 훌륭하다 우수 만족 추천 훌륭하다 성능이
234,스마트폰,3,2023-01-10 17:00:00,사용자_234,True,디자인이 무난 품질이 보통 보통
235,이어폰,4,2023-01-10 18:00:00,사용자_235,True,훌륭하다 추천 좋다 완벽 우수 최고 만족 좋다 디자인이 좋다 만족 품질이
236,스마트워치,4,2023-01-10 19:00:00,사용자_236,True,좋다 성능이 품질이 디자인이 최고 우수 디자인이 만족 추천 품질이 좋다
237,스마트폰,3,2023-01-10 20:00:00,사용자_237,True,평범 성능이 그럭저럭 보통 평범
238,태블릿,1,2023-01-10 21:00:00,사용자_238,True,실망 고장 별로 나쁘다 별로 실망 문제 디자인이 디자인이
239,이어폰,5,2023-01-10 22:00:00,사용자_239,True,만족 추천 훌륭하다 만족 우수 우수 만족
240,태블릿,4,2023-01-10 23:00:00,사용자_240,True,최고 최고 훌륭하다 만족 추천 디자인이 품질이
241,태블릿,4,2023-01-11 00:00:00,사용자_241,True,최고 좋다 훌륭하다 성능이 우수 우수 좋다
242,이어폰,5,2023-01-11 01:00:00,사용자_242,True,우수 완벽 추천 좋다 좋다 완벽 좋다 완벽 우수 완벽 만족 성능이
243,스마트폰,5,2023-01-11 02:00:00,사용자_243,True,추천 성능이 추천 최고 훌륭하다
244,이어폰,3,2023-01-11 03:00:00,사용자_244,True,품질이 적당 디자인이 그럭저럭 평범 평범
245,태블릿,5,2023-01-11 04:00:00,사용자_245,True,우수 좋다 추천 좋다 우수 최고 최고 만족 완벽 우수 우수 우수
246,노트북,5,2023-01-11 05:00:00,사용자_246,False,좋다 훌륭하다 좋다 우수 최고 최고 우수 추천 추천 만족 만족
247,이어폰,4,2023-01-11 06:00:00,사용자_247,True,좋다 품질이 만족 우수 최고 성능이 훌륭하다 훌륭하다 좋다 훌륭하다 추천 추천 완벽 완벽
248,태블릿,4,2023-01-11 07:00:00,사용자_248,True,품질이 만족 품질이 만족 성능이 완벽 훌륭하다 최고
249,이어폰,4,2023-01-11 08:00:00,사용자_249,True,디자인이 훌륭하다 만족 우수 추천
250,노트북,1,2023-01-11 09:00:00,사용자_250,True,실망 성능이 별로 나쁘다 문제 문제 나쁘다 고장 고장 문제 디자인이 고장 불만
251,이어폰,1,2023-01-11 10:00:00,사용자_251,True,품질이 별로 품질이 최악 문제 최악 실망 품질이
252,스마트폰,1,2023-01-11 11:00:00,사용자_252,True,별로 최악 실망 문제 품질이 별로 성능이 고장 디자인이 실망 불만
253,태블릿,5,2023-01-11 12:00:00,사용자_253,True,성능이 우수 훌륭하다 만족 최고 좋다 훌륭하다 만족 디자인이 디자인이 최고
254,스마트폰,2,2023-01-11 13:00:00,사용자_254,True,불만 최악 불만 고장 불만 문제 불만
255,이어폰,2,2023-01-11 14:00:00,사용자_255,True,실망 성능이 나쁘다 문제 고장 실망 불만 디자인이 성능이 최악 불만 나쁘다 최악
256,태블릿,5,2023-01-11 15:00:00,사용자_256,False,훌륭하다 최고 성능이 만족 추천 성능이 완벽 좋다 완벽 성능이 디자인이 디자인이 추천 추천
257,태블릿,4,2023-01-11 16:00:00,사용자_257,True,품질이 우수 좋다 좋다 좋다 좋다 우수 추천 품질이 만족 최고
258,스마트폰,1,2023-01-11 17:00:00,사용자_258,True,고장 실망 문제 디자인이 문제 문제
259,이어폰,4,2023-01-11 18:00:00,사용자_259,False,최고 좋다 만족 디자인이 훌륭하다 우수 만족 좋다
260,태블릿,4,2023-01-11 19:00:00,사용자_260,True,완벽 좋다 좋다 완벽 추천 좋다 만족 만족 훌륭하다 최고 최고 우수
261,노트북,4,2023-01-11 20:00:00,사용자_261,False,성능이 완벽 최고 추천 우수
262,이어폰,5,2023-01-11 21:00:00,사용자_262,False,완벽 품질이 디자인이 훌륭하다 훌륭하다 훌륭하다 좋다 최고
263,스마트워치,2,2023-01-11 22:00:00,사용자_263,True,별로 고장 고장 성능이 성능이 문제 문제 별로 실망 실망 문제 최악 나쁘다 불만
264,스마트폰,4,2023-01-11 23:00:00,사용자_264,True,최고 최고 만족 완벽 성능이 추천 좋다 최고 좋다 추천 추천
265,태블릿,3,2023-01-12 00:00:00,사용자_265,True,적당 무난 품질이 그럭저럭 보통
266,태블릿,4,2023-01-12 01:00:00,사용자_266,False,우수 성능이 훌륭하다 훌륭하다 훌륭하다 최고 좋다 좋다 성능이 디자인이 최고 추천 추천
267,태블릿,5,2023-01-12 02:00:00,사용자_267,True,완벽 디자인이 좋다 품질이 품질이 완벽
268,스마트워치,5,2023-01-12 03:00:00,사용자_268,True,만족 훌륭하다 만족 완벽 품질이
269,이어폰,5,2023-01-12 04:00:00,사용자_269,True,최고 만족 완벽 추천 훌륭하다 우수 훌륭하다 좋다 완벽
270,스마트워치,4,2023-01-12 05:00:00,사용자_270,False,우수 좋다 훌륭하다 디자인이 추천 우수 만족
271,스마트워치,4,2023-01-12 06:00:00,사용자_271,False,훌륭하다 성능이 만족 좋다 만족 추천 성능이 최고 좋다 최고 추천 만족 품질이
272,스마트워치,2,2023-01-12 07:00:00,사용자_272,False,품질이 문제 최악 문제 실망 성능이
273,태블릿,4,2023-01-12 08:00:00,사용자_273,False,성능이 우수 성능이 우수 추천 최고 좋다 좋다 우수
274,노트북,4,2023-01-12 09:00:00,사용자_274,True,만족 좋다 만족 품질이 최고 좋다 훌륭하다 좋다 우수 만족 좋다 추천 최고 좋다
275,태블릿,3,2023-01-12 10:00:00,사용자_275,True,보통 보통 평범 디자인이 디자인이
276,스마트폰,2,2023-01-12 11:00:00,사용자_276,True,불만 불만 불만 문제 품질이 문제
277,스마트폰,4,2023-01-12 12:00:00,사용자_277,True,추천 만족 만족 추천 완벽 훌륭하다
278,이어폰,3,2023-01-12 13:00:00,사용자_278,False,무난 성능이 디자인이 무난 무난 그럭저럭 무난 무난 평범 디자인이
279,이어폰,4,2023-01-12 14:00:00,사용자_279,True,추천 훌륭하다 완벽 디자인이 좋다 좋다 완벽 완벽 성능이 품질이 품질이
280,노트북,4,2023-01-12 15:00:00,사용자_280,True,만족 좋다 좋다 추천 만족 최고
281,스마트워치,4,2023-01-12 16:00:00,사용자_281,True,성능이 우수 좋다 디자인이 우수
282,태블릿,4,2023-01-12 17:00:00,사용자_282,True,최고 완벽 좋다 훌륭하다 좋다 훌륭하다 추천 성능이 훌륭하다 우수
283,노트북,3,2023-01-12 18:00:00,사용자_283,False,무난 보통 평범 보통 그럭저럭
284,스마트폰,5,2023-01-12 19:00:00,사용자_284,True,디자인이 훌륭하다 훌륭하다 훌륭하다 디자인이 최고 디자인이 추천 추천 만족
285,이어폰,2,2023-01-12 20:00:00,사용자_285,True,나쁘다 실망 문제 품질이 성능이
286,노트북,2,2023-01-12 21:00:00,사용자_286,True,나쁘다 성능이 문제 별로 실망 최악 나쁘다 고장 문제 고장 불만 최악 고장
287,태블릿,2,2023-01-12 22:00:00,사용자_287,True,디자인이 불만 별로 불만 문제 나쁘다 실망 최악
288,이어폰,5,2023-01-12 23:00:00,사용자_288,True,완벽 성능이 추천 우수 디자인이 최고
289,노트북,3,2023-01-13 00:00:00,사용자_289,False,디자인이 품질이 평범 적당 무난 적당 적당
290,스마트폰,5,2023-01-13 01:00:00,사용자_290,True,만족 성능이 훌륭하다 완벽 만족 만족 완벽 훌륭하다 우수 만족 성능이 만족
291,스마트폰,5,2023-01-13 02:00:00,사용자_291,True,품질이 추천 완벽 최고 만족 훌륭하다 좋다 좋다 디자인이
292,스마트폰,5,2023-01-13 03:00:00,사용자_292,True,훌륭하다 품질이 훌륭하다 추천 완벽 우수 품질이 훌륭하다
293,이어폰,2,2023-01-13 04:00:00,사용자_293,False,나쁘다 품질이 최악 별로 불만 별로 별로 실망 문제 최악 불만 최악 별로
294,태블릿,4,2023-01-13 05:00:00,사용자_294,True,좋다 품질이 성능이 디자인이 훌륭하다 추천 성능이 우수 훌륭하다 좋다 훌륭하다 완벽
295,노트북,3,2023-01-13 06:00:00,사용자_295,False,적당 적당 평범 품질이 무난 보통
296,노트북,1,2023-01-13 07:00:00,사용자_296,True,실망 실망 성능이 디자인이 고장
297,노트북,5,2023-01-13 08:00:00,사용자_297,True,디자인이 추천 좋다 우수 추천 최고
298,이어폰,5,2023-01-13 09:00:00,사용자_298,True,완벽 우수 최고 좋다 추천 우수 추천 최고 만족
299,태블릿,1,2023-01-13 10:00:00,사용자_299,True,실망 문제 문제 고장 문제 문제 문제 품질이 실망 별로 문제 최악
300,스마트폰,4,2023-01-13 11:00:00,사용자_300,True,최고 만족 우수 추천 디자인이 만족 최고 완벽 만족 완벽
301,태블릿,5,2023-01-13 12:00:00,사용자_301,True,우수 최고 최고 최고 만족 성능이 훌륭하다
302,스마트워치,3,2023-01-13 13:00:00,사용자_302,True,품질이 보통 무난 그럭저럭 보통 평범 품질이 평범 보통 무난 무난 평범
303,노트북,2,2023-01-13 14:00:00,사용자_303,True,문제 최악 고장 불만 실망 문제 고장 최악 최악 별로
304,노트북,5,2023-01-13 15:00:00,사용자_304,True,훌륭하다 완벽 완벽 추천 디자인이 최고 완벽
305,스마트워치,4,2023-01-13 16:00:00,사용자_305,True,디자인이 만족 성능이 훌륭하다 품질이 최고 디자인이 훌륭하다 좋다 우수 추천 훌륭하다 우수
306,스마트폰,5,2023-01-13 17:00:00,사용자_306,True,우수 추천 좋다 우수 만족 성능이 훌륭하다 만족 우수 완벽 완벽
307,태블릿,5,2023-01-13 18:00:00,사용자_307,False,디자인이 훌륭하다 완벽 만족 품질이 만족 최고
308,노트북,4,2023-01-13 19:00:00,사용자_308,True,추천 좋다 완벽 우수 만족 우수 훌륭하다 우수 좋다 품질이 완벽 만족 최고 최고
309,스마트폰,4,2023-01-13 20:00:00,사용자_309,True,완벽 디자인이 훌륭하다 좋다 좋다 추천 우수 최고 최고
310,스마트워치,1,2023-01-13 21:00:00,사용자_310,True,문제 문제 불만 별로 최악 나쁘다 고장 품질이
311,스마트폰,4,2023-01-13 22:00:00,사용자_311,True,만족 최고 완벽 우수 좋다 최고 추천 훌륭하다 훌륭하다
312,이어폰,4,2023-01-13 23:00:00,사용자_312,False,추천 우수 완벽 최고 완벽 완벽 성능이
313,태블릿,5,2023-01-14 00:00:00,사용자_313,True,최고 우수 추천 최고 최고 좋다 우수 좋다 성능이
314,스마트폰,3,2023-01-14 01:00:00,사용자_314,True,품질이 보통 무난 적당 적당 무난 보통 무난 보통 보통 그럭저럭 그럭저럭
315,노트북,1,2023-01-14 02:00:00,사용자_315,True,실망 불만 실망 실망 별로 나쁘다 성능이 실망
316,노트북,5,2023-01-14 03:00:00,사용자_316,False,성능이 최고 좋다 품질이 좋다 품질이 좋다 우수 만족 우수 훌륭하다 추천
317,이어폰,3,2023-01-14 04:00:00,사용자_317,True,적당 무난 품질이 보통 성능이 그럭저럭 그럭저럭
318,노트북,4,2023-01-14 05:00:00,사용자_318,True,품질이 품질이 훌륭하다 추천 훌륭하다 만족 디자인이 좋다 최고 우수 좋다 우수 성능이 훌륭하다
319,스마트폰,1,2023-01-14 06:00:00,사용자_319,True,성능이 최악 실망 문제 디자인이 문제 고장
320,이어폰,5,2023-01-14 07:00:00,사용자_320,True,만족 품질이 훌륭하다 좋다 좋다 최고 훌륭하다 최고 추천
321,노트북,2,2023-01-14 08:00:00,사용자_321,False,최악 디자인이 성능이 성능이 불만 디자인이
322,태블릿,3,2023-01-14 09:00:00,사용자_322,True,평범 디자인이 그럭저럭 무난 디자인이 보통 무난 적당 품질이
323,스마트워치,3,2023-01-14 10:00:00,사용자_323,True,성능이 무난 품질이 적당 적당 평범 그럭저럭 평범 디자인이 적당 무난 품질이
324,스마트워치,5,2023-01-14 11:00:00,사용자_324,True,추천 완벽 만족 추천 만족 우수 품질이 품질이 훌륭하다 훌륭하다 훌륭하다 훌륭하다 추천
325,스마트폰,4,2023-01-14 12:00:00,사용자_325,True,훌륭하다 완벽 추천 훌륭하다 완벽 품질이 좋다 품질이 디자인이 우수 성능이 성능이 우수 훌륭하다
326,스마트폰,4,2023-01-14 13:00:00,사용자_326,False,좋다 좋다 만족 훌륭하다 완벽
327,이어폰,1,2023-01-14 14:00:00,사용자_327,False,고장 불만 고장 고장 실망 나쁘다 실망
328,이어폰,3,2023-01-14 15:00:00,사용자_328,True,디자인이 평범 보통 그럭저럭 보통 무난 평범 품질이 적당 평범 품질이
329,이어폰,5,2023-01-14 16:00:00,사용자_329,True,최고 좋다 품질이 좋다 추천 훌륭하다 최고 디자인이 성능이 완벽 완벽 좋다 추천 최고
330,스마트워치,5,2023-01-14 17:00:00,사용자_330,True,디자인이 훌륭하다 훌륭하다 만족 품질이
331,태블릿,4,2023-01-14 18:00:00,사용자_331,True,완벽 품질이 디자인이 최고 성능이 우수 최고 만족
332,노트북,3,2023-01-14 19:00:00,사용자_332,False,무난 품질이 그럭저럭 무난 보통
333,스마트폰,5,2023-01-14 20:00:00,사용자_333,True,최고 완벽 훌륭하다 만족 훌륭하다 추천 최고 좋다 만족 추천 완벽 최고
334,스마트워치,5,2023-01-14 21:00:00,사용자_334,True,완벽 만족 훌륭하다 완벽 완벽 품질이 훌륭하다 우수
335,노트북,5,2023-01-14 22:00:00,사용자_335,True,최고 만족 좋다 훌륭하다 완벽 좋다
336,노트북,2,2023-01-14 23:00:00,사용자_336,True,최악 고장 별로 나쁘다 문제 별로 나쁘다 문제 실망 최악 성능이 별로 문제 문제
337,스마트워치,3,2023-01-15 00:00:00,사용자_337,True,성능이 성능이 무난 그럭저럭 적당 무난 그럭저럭 평범 무난 품질이 그럭저럭 무난 그럭저럭 평범
338,태블릿,4,2023-01-15 01:00:00,사용자_338,True,우수 최고 만족 완벽 좋다 품질이 추천 만족 훌륭하다 만족 품질이 훌륭하다 만족 만족
339,스마트폰,4,2023-01-15 02:00:00,사용자_339,False,좋다 만족 좋다 만족 우수 훌륭하다 우수 우수 우수 품질이 좋다
340,스마트폰,4,2023-01-15 03:00:00,사용자_340,True,성능이 좋다 최고 우수 최고 완벽 성능이
341,스마트워치,4,2023-01-15 04:00:00,사용자_341,False,우수 완벽 추천 우수 품질이
342,스마트폰,4,2023-01-15 05:00:00,사용자_342,False,좋다 최고 추천 완벽 완벽 완벽
343,스마트폰,3,2023-01-15 06:00:00,사용자_343,False,평범 품질이 평범 평범 평범 성능이 디자인이 그럭저럭
344,스마트폰,3,2023-01-15 07:00:00,사용자_344,True,보통 보통 보통 평범 평범 평범 적당 적당 그럭저럭 적당
345,이어폰,5,2023-01-15 08:00:00,사용자_345,False,최고 최고 우수 최고 만족 훌륭하다 추천 추천 좋다
346,스마트폰,4,2023-01-15 09:00:00,사용자_346,True,최고 좋다 추천 만족 디자인이 디자인이 좋다 완벽 훌륭하다 디자인이 좋다 만족
347,이어폰,5,2023-01-15 10:00:00,사용자_347,True,디자인이 완벽 완벽 완벽 추천 추천
348,스마트워치,3,2023-01-15 11:00:00,사용자_348,True,그럭저럭 무난 평범 성능이 적당
349,노트북,5,2023-01-15 12:00:00,사용자_349,True,성능이 우수 추천 좋다 성능이 품질이 우수 추천 만족 좋다 추천 우수 훌륭하다 완벽
350,노트북,5,2023-01-15 13:00:00,사용자_350,True,우수 추천 만족 완벽 우수
351,스마트워치,5,2023-01-15 14:00:00,사용자_351,True,최고 완벽 완벽 훌륭하다 완벽 훌륭하다 훌륭하다
352,스마트워치,3,2023-01-15 15:00:00,사용자_352,False,평범 적당 품질이 그럭저럭 적당 그럭저럭 무난 성능이 무난 성능이
353,스마트워치,1,2023-01-15 16:00:00,사용자_353,True,문제 고장 별로 별로 불만
354,태블릿,3,2023-01-15 17:00:00,사용자_354,False,무난 그럭저럭 평범 보통 적당 보통 그럭저럭
355,태블릿,5,2023-01-15 18:00:00,사용자_355,False,만족 만족 만족 우수 훌륭하다 완벽 완벽 최고 최고 좋다 좋다 훌륭하다 만족 만족
356,노트북,1,2023-01-15 19:00:00,사용자_356,True,성능이 고장 고장 별로 나쁘다 문제 불만 고장 고장 나쁘다 문제 최악
357,이어폰,4,2023-01-15 20:00:00,사용자_357,True,우수 좋다 추천 우수 추천 좋다 완벽
358,스마트폰,4,2023-01-15 21:00:00,사용자_358,True,만족 훌륭하다 훌륭하다 최고 품질이 품질이 최고 만족 우수
359,스마트폰,4,2023-01-15 22:00:00,사용자_359,True,훌륭하다 좋다 디자인이 우수 만족 최고 품질이 우수 성능이 우수 완벽
360,태블릿,5,2023-01-15 23:00:00,사용자_360,True,좋다 좋다 최고 성능이 최고
361,스마트폰,5,2023-01-16 00:00:00,사용자_361,True,좋다 우수 훌륭하다 완벽 우수 만족 만족
362,태블릿,4,2023-01-16 01:00:00,사용자_362,True,만족 만족 우수 추천 우수 성능이 추천 훌륭하다 추천 좋다 좋다 품질이 훌륭하다 훌륭하다
363,스마트워치,4,2023-01-16 02:00:00,사용자_363,True,품질이 좋다 우수 좋다 최고
364,스마트폰,3,2023-01-16 03:00:00,사용자_364,True,적당 디자인이 보통 적당 평범 성능이 적당 무난 품질이 품질이 무난 품질이
365,태블릿,5,2023-01-16 04:00:00,사용자_365,True,좋다 훌륭하다 만족 좋다 완벽
366,이어폰,3,2023-01-16 05:00:00,사용자_366,False,적당 디자인이 보통 그럭저럭 그럭저럭 성능이 평범 보통 그럭저럭 평범 평범 품질이 적당 성능이
367,스마트폰,5,2023-01-16 06:00:00,사용자_367,True,추천 훌륭하다 우수 품질이 우수 우수 품질이
368,태블릿,3,2023-01-16 07:00:00,사용자_368,True,평범 적당 그럭저럭 적당 성능이 보통 적당 성능이
369,태블릿,1,2023-01-16 08:00:00,사용자_369,True,문제 디자인이 고장 최악 불만
370,스마트폰,5,2023-01-16 09:00:00,사용자_370,True,완벽 우수 만족 좋다 성능이 만족 훌륭하다 추천 완벽 우수 최고
371,태블릿,5,2023-01-16 10:00:00,사용자_371,True,최고 좋다 완벽 만족 만족 우수 완벽 만족 최고 훌륭하다
372,스마트워치,4,2023-01-16 11:00:00,사용자_372,True,성능이 완벽 품질이 우수 추천 만족 훌륭하다 품질이 우수 완벽 추천 성능이 성능이 훌륭하다
373,태블릿,5,2023-01-16 12:00:00,사용자_373,True,완벽 만족 성능이 최고 만족 최고 디자인이 추천
374,태블릿,1,2023-01-16 13:00:00,사용자_374,True,별로 고장 품질이 나쁘다 실망 품질이 문제 최악 문제
375,이어폰,5,2023-01-16 14:00:00,사용자_375,True,우수 좋다 최고 최고 만족 우수 품질이 훌륭하다
376,이어폰,4,2023-01-16 15:00:00,사용자_376,True,우수 좋다 만족 품질이 최고 추천 좋다 디자인이 성능이 추천 만족 좋다 디자인이
377,스마트워치,5,2023-01-16 16:00:00,사용자_377,True,훌륭하다 품질이 만족 훌륭하다 완벽 추천 디자인이 우수 훌륭하다 좋다 최고
378,이어폰,5,2023-01-16 17:00:00,사용자_378,True,추천 완벽 우수 우수 추천 좋다 훌륭하다 최고 디자인이 디자인이
379,스마트폰,4,2023-01-16 18:00:00,사용자_379,True,추천 좋다 성능이 훌륭하다 품질이
380,이어폰,5,2023-01-16 19:00:00,사용자_380,True,최고 좋다 추천 좋다 좋다
381,노트북,4,2023-01-16 20:00:00,사용자_381,True,우수 우수 우수 추천 추천 훌륭하다 우수 훌륭하다 만족 추천
382,노트북,4,2023-01-16 21:00:00,사용자_382,True,훌륭하다 완벽 성능이 만족 성능이
383,태블릿,5,2023-01-16 22:00:00,사용자_383,True,최고 좋다 품질이 좋다 완벽 만족 좋다 성능이 만족 품질이 좋다 만족 추천 품질이
384,스마트폰,4,2023-01-16 23:00:00,사용자_384,True,좋다 추천 품질이 성능이 훌륭하다
385,스마트폰,3,2023-01-17 00:00:00,사용자_385,True,품질이 무난 보통 평범 무난 디자인이 평범 평범 보통 그럭저럭
386,스마트폰,1,2023-01-17 01:00:00,사용자_386,True,고장 디자인이 나쁘다 문제 문제 불만 나쁘다 문제
387,노트북,3,2023-01-17 02:00:00,사용자_387,False,그럭저럭 보통 평범 무난 디자인이 그럭저럭 평범 보통 무난 적당 적당
388,스마트워치,5,2023-01-17 03:00:00,사용자_388,True,품질이 만족 디자인이 만족 품질이
389,스마트워치,5,2023-01-17 04:00:00,사용자_389,False,품질이 추천 추천 훌륭하다 완벽 최고 디자인이 성능이 성능이 우수
390,스마트폰,2,2023-01-17 05:00:00,사용자_390,True,성능이 고장 최악 고장 실망
391,이어폰,4,2023-01-17 06:00:00,사용자_391,True,완벽 훌륭하다 품질이 완벽 좋다 최고 디자인이 완벽 추천 디자인이 우수 추천 만족 추천
392,이어폰,1,2023-01-17 07:00:00,사용자_392,False,나쁘다 실망 문제 최악 문제 문제 최악 나쁘다 문제 품질이 고장 나쁘다 고장 실망
393,스마트워치,1,2023-01-17 08:00:00,사용자_393,True,불만 최악 최악 품질이 별로
394,이어폰,3,2023-01-17 09:00:00,사용자_394,True,적당 품질이 평범 평범 적당 그럭저럭 적당 디자인이 그럭저럭 보통
395,이어폰,3,2023-01-17 10:00:00,사용자_395,True,무난 보통 평범 평범 평범 성능이 디자인이 보통 성능이 평범 보통 평범
396,스마트폰,1,2023-01-17 11:00:00,사용자_396,True,불만 실망 나쁘다 성능이 문제 고장
397,스마트워치,1,2023-01-17 12:00:00,사용자_397,False,고장 디자인이 실망 최악 별로
398,스마트폰,1,2023-01-17 13:00:00,사용자_398,False,별로 고장 실망 최악 문제 별로 실망 최악 별로 나쁘다 나쁘다 별로 불만 실망
399,스마트폰,3,2023-01-17 14:00:00,사용자_399,True,적당 평범 보통 적당 성능이 평범
400,스마트폰,3,2023-01-17 15:00:00,사용자_400,False,그럭저럭 평범 평범 그럭저럭 적당 평범 보통 적당
401,노트북,5,2023-01-17 16:00:00,사용자_401,True,성능이 추천 훌륭하다 완벽 우수 최고 추천 완벽 최고
402,이어폰,1,2023-01-17 17:00:00,사용자_402,True,나쁘다 최악 실망 품질이 문제
403,스마트폰,3,2023-01-17 18:00:00,사용자_403,True,보통 디자인이 보통 평범 품질이 그럭저럭 무난 평범 성능이 그럭저럭 평범 적당 평범
404,이어폰,3,2023-01-17 19:00:00,사용자_404,True,성능이 보통 평범 보통 그럭저럭
405,스마트워치,4,2023-01-17 20:00:00,사용자_405,True,훌륭하다 우수 훌륭하다 완벽 훌륭하다 품질이 최고 최고 추천 훌륭하다 만족 성능이 추천
406,스마트폰,4,2023-01-17 21:00:00,사용자_406,True,좋다 최고 좋다 완벽 훌륭하다 품질이 디자인이 완벽 완벽 성능이 만족 최고 품질이
407,스마트워치,4,2023-01-17 22:00:00,사용자_407,False,디자인이 훌륭하다 완벽 품질이 추천 좋다 추천 우수 우수 최고 성능이 성능이
408,이어폰,3,2023-01-17 23:00:00,사용자_408,True,디자인이 보통 그럭저럭 적당 그럭저럭 디자인이 무난 적당 품질이
409,이어폰,3,2023-01-18 00:00:00,사용자_409,True,적당 보통 적당 평범 디자인이 평범 디자인이 디자인이
410,태블릿,4,2023-01-18 01:00:00,사용자_410,True,최고 완벽 훌륭하다 추천 추천 추천 좋다 품질이 성능이 좋다 최고
411,태블릿,4,2023-01-18 02:00:00,사용자_411,True,추천 성능이 추천 좋다 좋다 훌륭하다 우수 만족 추천 품질이 우수 추천 만족 우수
412,노트북,4,2023-01-18 03:00:00,사용자_412,True,훌륭하다 완벽 완벽 좋다 추천
413,이어폰,4,2023-01-18 04:00:00,사용자_413,True,완벽 완벽 훌륭하다 만족 성능이 훌륭하다 훌륭하다 추천
414,노트북,5,2023-01-18 05:00:00,사용자_414,True,만족 품질이 최고 완벽 만족 완벽 디자인이 우수
415,스마트폰,5,2023-01-18 06:00:00,사용자_415,False,만족 성능이 좋다 우수 좋다 최고 만족 추천 우수 좋다 최고
416,스마트폰,1,2023-01-18 07:00:00,사용자_416,True,품질이 별로 문제 별로 나쁘다 문제 최악 별로 나쁘다 별로 문제 실망 성능이 문제
417,노트북,5,2023-01-18 08:00:00,사용자_417,True,완벽 좋다 최고 최고 완벽 완벽 좋다
418,노트북,3,2023-01-18 09:00:00,사용자_418,True,무난 성능이 적당 평범 적당
419,스마트워치,2,2023-01-18 10:00:00,사용자_419,True,실망 성능이 고장 나쁘다 최악 품질이
420,이어폰,4,2023-01-18 11:00:00,사용자_420,False,추천 디자인이 완벽 만족 디자인이 완벽
421,스마트폰,3,2023-01-18 12:00:00,사용자_421,True,그럭저럭 그럭저럭 무난 그럭저럭 평범 성능이 디자인이 그럭저럭 무난 적당
422,이어폰,1,2023-01-18 13:00:00,사용자_422,True,별로 디자인이 문제 별로 최악
423,스마트폰,5,2023-01-18 14:00:00,사용자_423,True,우수 우수 우수 우수 완벽 좋다 만족 추천
424,이어폰,3,2023-01-18 15:00:00,사용자_424,True,그럭저럭 보통 보통 평범 무난 무난 그럭저럭 평범
425,스마트폰,2,2023-01-18 16:00:00,사용자_425,True,불만 별로 실망 문제 별로
426,스마트폰,5,2023-01-18 17:00:00,사용자_426,True,우수 완벽 훌륭하다 최고 최고 디자인이
427,태블릿,5,2023-01-18 18:00:00,사용자_427,True,우수 우수 최고 성능이 만족 최고 추천 성능이 훌륭하다
428,이어폰,5,2023-01-18 19:00:00,사용자_428,True,만족 만족 훌륭하다 성능이 성능이 훌륭하다 훌륭하다 우수 최고
429,스마트워치,4,2023-01-18 20:00:00,사용자_429,True,완벽 품질이 좋다 우수 성능이 좋다 우수 성능이 만족 최고
430,노트북,5,2023-01-18 21:00:00,사용자_430,True,최고 훌륭하다 최고 완벽 품질이 훌륭하다 추천 좋다 우수 훌륭하다 최고 성능이 디자인이
431,노트북,4,2023-01-18 22:00:00,사용자_431,True,최고 최고 완벽 추천 우수 만족 좋다
432,노트북,3,2023-01-18 23:00:00,사용자_432,True,보통 무난 성능이 그럭저럭 디자인이 그럭저럭 그럭저럭 무난 적당 무난
433,이어폰,5,2023-01-19 00:00:00,사용자_433,True,추천 만족 만족 품질이 품질이 훌륭하다 훌륭하다 훌륭하다
434,노트북,5,2023-01-19 01:00:00,사용자_434,False,완벽 완벽 훌륭하다 우수 추천 만족
435,노트북,3,2023-01-19 02:00:00,사용자_435,False,디자인이 적당 디자인이 보통 그럭저럭 평범 성능이 무난 그럭저럭 평범 보통 무난 디자인이
436,스마트폰,3,2023-01-19 03:00:00,사용자_436,True,보통 그럭저럭 적당 무난 무난
437,스마트워치,4,2023-01-19 04:00:00,사용자_437,True,추천 성능이 최고 추천 품질이 좋다 훌륭하다
438,스마트워치,1,2023-01-19 05:00:00,사용자_438,True,별로 실망 나쁘다 나쁘다 문제 성능이 실망 나쁘다 실망 고장 별로 고장
439,스마트폰,3,2023-01-19 06:00:00,사용자_439,True,적당 적당 디자인이 평범 보통 보통 품질이 보통 무난 무난
440,태블릿,4,2023-01-19 07:00:00,사용자_440,True,만족 추천 좋다 추천 추천 만족 추천
441,스마트워치,2,2023-01-19 08:00:00,사용자_441,False,성능이 품질이 성능이 불만 별로 실망
442,스마트폰,5,2023-01-19 09:00:00,사용자_442,True,우수 완벽 완벽 추천 만족 디자인이 우수 만족 품질이 좋다 최고
443,스마트워치,2,2023-01-19 10:00:00,사용자_443,True,최악 실망 실망 실망 실망 불만 최악 고장 디자인이 성능이 문제 문제 실망
444,스마트폰,3,2023-01-19 11:00:00,사용자_444,True,평범 디자인이 평범 무난 보통 보통 적당 적당
445,노트북,4,2023-01-19 12:00:00,사용자_445,True,훌륭하다 완벽 최고 우수 우수 우수 디자인이 좋다 완벽 추천
446,노트북,2,2023-01-19 13:00:00,사용자_446,True,성능이 불만 별로 디자인이 문제 성능이 디자인이 성능이 불만 문제 나쁘다 나쁘다 실망
447,스마트워치,5,2023-01-19 14:00:00,사용자_447,True,훌륭하다 완벽 훌륭하다 좋다 최고 좋다 품질이 훌륭하다
448,이어폰,5,2023-01-19 15:00:00,사용자_448,True,완벽 추천 성능이 품질이 추천 추천
449,노트북,2,2023-01-19 16:00:00,사용자_449,True,별로 최악 디자인이 별로 최악 별로 불만 품질이 불만 나쁘다
450,스마트폰,4,2023-01-19 17:00:00,사용자_450,True,우수 성능이 최고 우수 우수 최고 좋다
451,노트북,2,2023-01-19 18:00:00,사용자_451,True,성능이 나쁘다 나쁘다 실망 별로
452,스마트폰,4,2023-01-19 19:00:00,사용자_452,True,디자인이 좋다 추천 추천 훌륭하다 좋다 좋다 최고 만족 디자인이 좋다
453,노트북,4,2023-01-19 20:00:00,사용자_453,True,훌륭하다 우수 성능이 성능이 좋다 훌륭하다 좋다 완벽 완벽 우수 만족 완벽
454,스마트워치,4,2023-01-19 21:00:00,사용자_454,False,훌륭하다 좋다 만족 추천 좋다 품질이 만족 품질이
455,태블릿,3,2023-01-19 22:00:00,사용자_455,False,그럭저럭 그럭저럭 무난 무난 그럭저럭 무난 무난 그럭저럭 성능이
456,스마트워치,4,2023-01-19 23:00:00,사용자_456,True,디자인이 완벽 최고 만족 추천 좋다 좋다 만족 만족 좋다 완벽 추천 완벽
457,스마트폰,5,2023-01-20 00:00:00,사용자_457,True,좋다 추천 훌륭하다 우수 추천
458,태블릿,5,2023-01-20 01:00:00,사용자_458,False,우수 우수 성능이 좋다 훌륭하다 추천 추천 디자인이 완벽 추천 우수 추천 좋다
459,태블릿,4,2023-01-20 02:00:00,사용자_459,True,추천 만족 좋다 품질이 추천 좋다 최고 훌륭하다
460,이어폰,3,2023-01-20 03:00:00,사용자_460,True,평범 평범 무난 평범 디자인이
461,스마트폰,1,2023-01-20 04:00:00,사용자_461,True,불만 품질이 문제 실망 품질이 별로 문제
462,태블릿,5,2023-01-20 05:00:00,사용자_462,True,좋다 품질이 최고 추천 훌륭하다 완벽 좋다 만족 우수 최고 우수 성능이 디자인이
463,스마트워치,4,2023-01-20 06:00:00,사용자_463,True,디자인이 완벽 최고 만족 추천 만족 최고 훌륭하다 좋다
464,스마트워치,3,2023-01-20 07:00:00,사용자_464,False,보통 무난 무난 디자인이 평범 디자인이 디자인이 적당
465,태블릿,1,2023-01-20 08:00:00,사용자_465,True,나쁘다 최악 성능이 최악 고장 최악 최악 실망 나쁘다 실망 고장 디자인이 별로 고장
466,노트북,1,2023-01-20 09:00:00,사용자_466,True,실망 디자인이 문제 고장 불만 디자인이 고장
467,스마트폰,2,2023-01-20 10:00:00,사용자_467,True,고장 고장 문제 불만 실망 최악 불만
468,이어폰,1,2023-01-20 11:00:00,사용자_468,False,성능이 문제 나쁘다 디자인이 고장 나쁘다 고장 나쁘다 별로 별로 고장 불만
469,태블릿,3,2023-01-20 12:00:00,사용자_469,True,무난 평범 평범 보통 무난 그럭저럭 성능이 디자인이
470,노트북,3,2023-01-20 13:00:00,사용자_470,True,무난 평범 적당 적당 보통 그럭저럭 성능이 그럭저럭 평범 성능이 보통
471,태블릿,3,2023-01-20 14:00:00,사용자_471,True,그럭저럭 적당 그럭저럭 그럭저럭 보통 적당 적당 디자인이 평범 그럭저럭 품질이 평범
472,노트북,4,2023-01-20 15:00:00,사용자_472,True,좋다 디자인이 디자인이 우수 좋다 최고 추천
473,태블릿,5,2023-01-20 16:00:00,사용자_473,True,추천 최고 훌륭하다 최고 좋다 훌륭하다 만족 완벽 훌륭하다
474,스마트워치,2,2023-01-20 17:00:00,사용자_474,False,나쁘다 최악 불만 불만 실망
475,태블릿,3,2023-01-20 18:00:00,사용자_475,True,무난 적당 평범 보통 품질이 성능이 무난 성능이 평범 그럭저럭
476,스마트워치,1,2023-01-20 19:00:00,사용자_476,True,성능이 나쁘다 디자인이 문제 별로 문제 불만 품질이 문제 문제 별로
477,노트북,4,2023-01-20 20:00:00,사용자_477,True,우수 품질이 훌륭하다 좋다 완벽 좋다 훌륭하다 디자인이 훌륭하다 우수
478,스마트폰,4,2023-01-20 21:00:00,사용자_478,True,최고 추천 훌륭하다 우수 좋다 만족 만족 우수 좋다 훌륭하다 디자인이 좋다 만족
479,노트북,3,2023-01-20 22:00:00,사용자_479,True,보통 무난 그럭저럭 디자인이 성능이 적당 적당 적당 보통 적당 보통 그럭저럭 평범
480,노트북,5,2023-01-20 23:00:00,사용자_480,True,만족 추천 좋다 만족 좋다 추천 만족 훌륭하다 품질이 완벽 품질이 우수
481,태블릿,4,2023-01-21 00:00:00,사용자_481,True,최고 우수 우수 좋다 만족 훌륭하다 추천 최고 완벽 최고 추천
482,이어폰,2,2023-01-21 01:00:00,사용자_482,True,불만 최악 문제 디자인이 불만 고장 고장 불만 최악 고장 별로
483,노트북,5,2023-01-21 02:00:00,사용자_483,True,만족 성능이 디자인이 좋다 추천 최고 품질이 디자인이 좋다
484,스마트폰,3,2023-01-21 03:00:00,사용자_484,False,성능이 적당 그럭저럭 무난 보통 성능이 그럭저럭 디자인이 보통 성능이 보통 무난 품질이
485,스마트워치,5,2023-01-21 04:00:00,사용자_485,True,훌륭하다 최고 성능이 우수 최고 품질이 최고 만족 우수 추천 품질이
486,노트북,3,2023-01-21 05:00:00,사용자_486,False,품질이 보통 무난 보통 평범 무난 적당 보통 보통 무난 평범 무난
487,이어폰,5,2023-01-21 06:00:00,사용자_487,True,우수 훌륭하다 완벽 좋다 좋다 우수 디자인이 완벽 최고 훌륭하다 훌륭하다
488,노트북,2,2023-01-21 07:00:00,사용자_488,False,최악 문제 불만 별로 문제
489,이어폰,4,2023-01-21 08:00:00,사용자_489,True,품질이 우수 품질이 훌륭하다 우수 훌륭하다 좋다 좋다 성능이 우수 훌륭하다 완벽 추천
490,태블릿,4,2023-01-21 09:00:00,사용자_490,True,성능이 훌륭하다 완벽 디자인이 디자인이
491,이어폰,1,2023-01-21 10:00:00,사용자_491,True,별로 디자인이 고장 문제 나쁘다 실망 나쁘다 최악 별로 문제 불만 디자인이
492,노트북,3,2023-01-21 11:00:00,사용자_492,True,무난 평범 그럭저럭 그럭저럭 그럭저럭 품질이
493,태블릿,5,2023-01-21 12:00:00,사용자_493,True,성능이 최고 완벽 최고 우수
494,스마트워치,1,2023-01-21 13:00:00,사용자_494,True,불만 실망 문제 고장 실망 별로 별로 고장 최악 디자인이 실망 문제 나쁘다 문제
495,태블릿,5,2023-01-21 14:00:00,사용자_495,True,성능이 훌륭하다 좋다 만족 우수 성능이 좋다 추천
496,스마트폰,5,2023-01-21 15:00:00,사용자_496,True,성능이 만족 좋다 추천 디자인이 추천 최고 최고 좋다 훌륭하다 좋다 훌륭하다
497,태블릿,3,2023-01-21 16:00:00,사용자_497,False,평범 그럭저럭 평범 보통 보통 평범 무난 평범 품질이 보통
498,스마트워치,4,2023-01-21 17:00:00,사용자_498,True,우수 완벽 만족 만족 좋다 훌륭하다 품질이 추천 추천 완벽
499,이어폰,4,2023-01-21 18:00:00,사용자_499,True,디자인이 우수 성능이 우수 완벽
500,노트북,2,2023-01-21 19:00:00,사용자_500,True,문제 고장 최악 고장 디자인이 성능이
501,스마트폰,3,2023-01-21 20:00:00,사용자_501,True,그럭저럭 그럭저럭 그럭저럭 그럭저럭 디자인이 평범 무난 무난 보통 무난 적당 그럭저럭
502,태블릿,2,2023-01-21 21:00:00,사용자_502,True,고장 최악 실망 나쁘다 디자인이 불만 최악 별로 나쁘다 문제 고장 최악 문제 고장
503,태블릿,4,2023-01-21 22:00:00,사용자_503,True,우수 훌륭하다 우수 훌륭하다 최고 품질이 우수 완벽
504,스마트폰,3,2023-01-21 23:00:00,사용자_504,True,성능이 평범 성능이 보통 보통
505,노트북,3,2023-01-22 00:00:00,사용자_505,True,그럭저럭 적당 디자인이 평범 평범 적당 평범 무난 품질이 무난 그럭저럭 품질이 보통 그럭저럭
506,노트북,5,2023-01-22 01:00:00,사용자_506,True,최고 훌륭하다 완벽 좋다 추천 우수 완벽
507,태블릿,5,2023-01-22 02:00:00,사용자_507,True,디자인이 좋다 성능이 완벽 디자인이 훌륭하다 최고 성능이 최고
508,이어폰,5,2023-01-22 03:00:00,사용자_508,True,추천 훌륭하다 좋다 완벽 좋다 품질이 만족 최고
509,노트북,3,2023-01-22 04:00:00,사용자_509,True,무난 적당 보통 성능이 무난 평범 그럭저럭 보통 적당 보통 적당 무난
510,태블릿,3,2023-01-22 05:00:00,사용자_510,True,보통 성능이 보통 보통 품질이 그럭저럭 보통 평범 그럭저럭 보통 보통
511,스마트폰,5,2023-01-22 06:00:00,사용자_511,True,훌륭하다 디자인이 추천 훌륭하다 추천 완벽 우수
512,태블릿,2,2023-01-22 07:00:00,사용자_512,True,고장 성능이 디자인이 나쁘다 나쁘다 별로 품질이 디자인이 고장
513,스마트폰,3,2023-01-22 08:00:00,사용자_513,True,보통 그럭저럭 디자인이 품질이 그럭저럭 보통 적당 보통 평범 보통 무난 보통 적당
514,태블릿,5,2023-01-22 09:00:00,사용자_514,True,우수 만족 품질이 추천 품질이 만족 최고 최고 디자인이 성능이 만족 완벽 최고 디자인이
515,노트북,2,2023-01-22 10:00:00,사용자_515,True,불만 문제 실망 성능이 별로
516,노트북,4,2023-01-22 11:00:00,사용자_516,True,디자인이 성능이 완벽 만족 만족 우수 추천
517,노트북,4,2023-01-22 12:00:00,사용자_517,True,우수 좋다 성능이 추천 훌륭하다
518,이어폰,3,2023-01-22 13:00:00,사용자_518,True,보통 그럭저럭 무난 그럭저럭 무난 품질이 적당 무난 그럭저럭 무난 평범
519,태블릿,2,2023-01-22 14:00:00,사용자_519,True,문제 품질이 문제 디자인이 문제 불만 불만 별로
520,스마트폰,3,2023-01-22 15:00:00,사용자_520,True,무난 적당 디자인이 보통 성능이 그럭저럭 보통 그럭저럭 성능이 보통 평범 그럭저럭
521,노트북,3,2023-01-22 16:00:00,사용자_521,True,디자인이 적당 무난 그럭저럭 무난 디자인이 무난
522,스마트워치,5,2023-01-22 17:00:00,사용자_522,True,훌륭하다 품질이 추천 좋다 완벽 훌륭하다 만족
523,스마트폰,1,2023-01-22 18:00:00,사용자_523,True,실망 성능이 디자인이 문제 최악 문제 별로 실망 문제 고장 최악
524,스마트폰,3,2023-01-22 19:00:00,사용자_524,True,적당 적당 그럭저럭 평범 무난 적당 보통 성능이
525,노트북,4,2023-01-22 20:00:00,사용자_525,True,품질이 품질이 만족 만족 최고 좋다 좋다 최고 추천 우수 훌륭하다 추천 우수
526,스마트워치,5,2023-01-22 21:00:00,사용자_526,True,우수 추천 최고 완벽 만족 디자인이 완벽 추천 우수 완벽 디자인이 좋다 최고 만족
527,이어폰,3,2023-01-22 22:00:00,사용자_527,True,평범 적당 평범 적당 무난 그럭저럭 그럭저럭 평범 그럭저럭 품질이 평범 보통 성능이
528,스마트워치,3,2023-01-22 23:00:00,사용자_528,True,무난 평범 평범 평범 적당 적당 성능이 디자인이 성능이 보통 디자인이 그럭저럭
529,스마트워치,2,2023-01-23 00:00:00,사용자_529,True,나쁘다 성능이 문제 불만 고장 품질이 문제 나쁘다 별로
530,스마트폰,3,2023-01-23 01:00:00,사용자_530,True,성능이 무난 보통 성능이 무난 적당 디자인이 평범 그럭저럭 적당 성능이 성능이
531,노트북,5,2023-01-23 02:00:00,사용자_531,True,추천 성능이 품질이 디자인이 우수 훌륭하다 추천 훌륭하다 만족 완벽
532,스마트워치,2,2023-01-23 03:00:00,사용자_532,True,최악 문제 성능이 실망 디자인이 별로
533,스마트폰,2,2023-01-23 04:00:00,사용자_533,True,문제 최악 고장 고장 나쁘다 고장 최악 별로
534,노트북,4,2023-01-23 05:00:00,사용자_534,True,품질이 훌륭하다 완벽 최고 추천 만족 추천 훌륭하다 우수 품질이 좋다 최고 좋다
535,스마트워치,3,2023-01-23 06:00:00,사용자_535,True,평범 적당 평범 그럭저럭 디자인이 그럭저럭 무난 평범 그럭저럭
536,스마트폰,5,2023-01-23 07:00:00,사용자_536,True,훌륭하다 최고 훌륭하다 우수 품질이 좋다 만족 좋다 디자인이 훌륭하다 우수
537,스마트워치,5,2023-01-23 08:00:00,사용자_537,True,좋다 품질이 만족 성능이 최고 추천 추천 최고 성능이 우수 우수 품질이 성능이 좋다
538,스마트폰,4,2023-01-23 09:00:00,사용자_538,True,만족 품질이 좋다 품질이 추천 완벽 만족 성능이
539,노트북,4,2023-01-23 10:00:00,사용자_539,True,완벽 추천 품질이 만족 완벽 완벽 우수 최고
540,스마트워치,4,2023-01-23 11:00:00,사용자_540,False,추천 최고 만족 만족 최고
541,노트북,5,2023-01-23 12:00:00,사용자_541,True,디자인이 완벽 성능이 완벽 추천 추천
542,태블릿,5,2023-01-23 13:00:00,사용자_542,True,우수 추천 완벽 품질이 성능이
543,이어폰,2,2023-01-23 14:00:00,사용자_543,False,나쁘다 최악 별로 불만 별로 최악 불만 고장 최악 실망 고장 별로 디자인이
544,스마트폰,3,2023-01-23 15:00:00,사용자_544,True,적당 품질이 평범 성능이 품질이 적당 그럭저럭 적당 무난 무난
545,노트북,1,2023-01-23 16:00:00,사용자_545,True,품질이 문제 별로 문제 품질이 별로 품질이 최악 실망 품질이 실망
546,스마트폰,5,2023-01-23 17:00:00,사용자_546,False,완벽 추천 추천 완벽 만족 완벽 추천
547,이어폰,3,2023-01-23 18:00:00,사용자_547,True,보통 그럭저럭 무난 그럭저럭 성능이 적당 무난 그럭저럭 디자인이 보통 보통 품질이 그럭저럭 평범
548,태블릿,3,2023-01-23 19:00:00,사용자_548,True,그럭저럭 평범 디자인이 평범 디자인이 그럭저럭 보통 그럭저럭 품질이 보통 품질이 보통 그럭저럭
549,노트북,5,2023-01-23 20:00:00,사용자_549,True,우수 만족 우수 훌륭하다 추천 추천 완벽 만족 우수 좋다 우수 우수 만족 디자인이
550,스마트워치,5,2023-01-23 21:00:00,사용자_550,True,우수 추천 품질이 훌륭하다 최고 추천 좋다 완벽 만족 좋다 완벽 우수 좋다 훌륭하다
551,노트북,5,2023-01-23 22:00:00,사용자_551,True,좋다 만족 훌륭하다 좋다 우수 품질이 최고 훌륭하다 완벽 좋다
552,이어폰,4,2023-01-23 23:00:00,사용자_552,True,만족 최고 성능이 품질이 만족 최고 완벽 추천
553,이어폰,4,2023-01-24 00:00:00,사용자_553,True,우수 품질이 완벽 좋다 훌륭하다
554,스마트워치,5,2023-01-24 01:00:00,사용자_554,True,훌륭하다 완벽 성능이 완벽 성능이 최고
555,노트북,5,2023-01-24 02:00:00,사용자_555,True,추천 만족 만족 추천 최고 추천
556,노트북,5,2023-01-24 03:00:00,사용자_556,True,훌륭하다 우수 디자인이 완벽 품질이 우수 최고 완벽 완벽
557,스마트폰,4,2023-01-24 04:00:00,사용자_557,True,완벽 훌륭하다 완벽 추천 만족 좋다 좋다 추천 완벽 만족 만족 좋다 최고 성능이
558,태블릿,4,2023-01-24 05:00:00,사용자_558,True,디자인이 완벽 좋다 품질이 훌륭하다 만족 완벽 성능이 최고 우수
559,스마트워치,2,2023-01-24 06:00:00,사용자_559,True,불만 최악 성능이 최악 별로
560,태블릿,4,2023-01-24 07:00:00,사용자_560,True,완벽 우수 성능이 완벽 최고 완벽 최고 추천 완벽 추천 만족 좋다 최고
561,스마트워치,5,2023-01-24 08:00:00,사용자_561,True,품질이 좋다 품질이 만족 좋다 훌륭하다
562,스마트워치,3,2023-01-24 09:00:00,사용자_562,True,디자인이 무난 평범 적당 보통
563,스마트워치,1,2023-01-24 10:00:00,사용자_563,True,별로 불만 고장 불만 고장 디자인이 디자인이
564,노트북,5,2023-01-24 11:00:00,사용자_564,True,최고 좋다 품질이 성능이 우수 완벽 추천 추천 완벽 추천
565,스마트폰,4,2023-01-24 12:00:00,사용자_565,False,만족 완벽 추천 최고 좋다 품질이 훌륭하다 디자인이
566,스마트워치,4,2023-01-24 13:00:00,사용자_566,True,추천 추천 최고 완벽 성능이 완벽
567,태블릿,4,2023-01-24 14:00:00,사용자_567,False,우수 최고 완벽 디자인이 만족 우수 성능이 최고
568,노트북,5,2023-01-24 15:00:00,사용자_568,True,만족 추천 만족 품질이 만족 만족 우수 최고 우수 최고
569,스마트워치,4,2023-01-24 16:00:00,사용자_569,True,품질이 우수 좋다 좋다 만족
570,태블릿,3,2023-01-24 17:00:00,사용자_570,True,보통 디자인이 무난 적당 보통 성능이 평범 그럭저럭 무난 평범
571,이어폰,5,2023-01-24 18:00:00,사용자_571,True,만족 품질이 완벽 성능이 성능이
572,스마트폰,5,2023-01-24 19:00:00,사용자_572,False,훌륭하다 완벽 좋다 우수 우수 추천 우수 추천 완벽 완벽
573,스마트워치,1,2023-01-24 20:00:00,사용자_573,True,문제 불만 별로 불만 실망 불만 별로 성능이 나쁘다 문제 디자인이 불만 불만
574,스마트워치,2,2023-01-24 21:00:00,사용자_574,True,나쁘다 문제 불만 나쁘다 나쁘다 별로 나쁘다 불만 문제 품질이 성능이
575,이어폰,4,2023-01-24 22:00:00,사용자_575,True,최고 완벽 좋다 완벽 훌륭하다
576,스마트워치,1,2023-01-24 23:00:00,사용자_576,True,문제 고장 불만 실망 문제 고장 고장 품질이 품질이 디자인이 최악 불만 고장
577,스마트워치,4,2023-01-25 00:00:00,사용자_577,True,우수 추천 최고 디자인이 우수
578,이어폰,3,2023-01-25 01:00:00,사용자_578,True,평범 그럭저럭 적당 보통 적당 보통 평범 무난 성능이 평범
579,스마트워치,4,2023-01-25 02:00:00,사용자_579,False,우수 만족 우수 좋다 우수 추천 추천 좋다 추천
580,스마트폰,5,2023-01-25 03:00:00,사용자_580,True,추천 훌륭하다 최고 만족 추천 완벽 최고
581,이어폰,5,2023-01-25 04:00:00,사용자_581,True,훌륭하다 추천 완벽 좋다 최고 추천 성능이 성능이
582,노트북,5,2023-01-25 05:00:00,사용자_582,False,추천 우수 훌륭하다 성능이 훌륭하다 최고 완벽 우수 최고 디자인이 우수 최고 우수 추천
583,스마트폰,5,2023-01-25 06:00:00,사용자_583,True,추천 좋다 디자인이 완벽 훌륭하다 최고 만족 만족 만족 좋다 디자인이 품질이 추천
584,노트북,5,2023-01-25 07:00:00,사용자_584,True,우수 만족 최고 우수 완벽 좋다 최고 만족 최고
585,스마트폰,5,2023-01-25 08:00:00,사용자_585,True,추천 완벽 성능이 훌륭하다 최고 만족 좋다 추천 훌륭하다 훌륭하다
586,태블릿,1,2023-01-25 09:00:00,사용자_586,True,문제 문제 불만 별로 최악 최악 고장 최악 실망 품질이
587,노트북,3,2023-01-25 10:00:00,사용자_587,False,적당 성능이 평범 품질이 성능이 평범 그럭저럭 그럭저럭 디자인이 디자인이
588,태블릿,5,2023-01-25 11:00:00,사용자_588,False,좋다 만족 추천 완벽 완벽 완벽 훌륭하다 만족 최고 추천 최고 우수 최고
589,스마트폰,4,2023-01-25 12:00:00,사용자_589,True,완벽 만족 완벽 우수 성능이 최고 디자인이 만족 만족 좋다 만족 최고 좋다
590,이어폰,5,2023-01-25 13:00:00,사용자_590,True,좋다 훌륭하다 최고 완벽 성능이 추천 추천 만족 품질이 완벽
591,태블릿,5,2023-01-25 14:00:00,사용자_591,True,디자인이 좋다 최고 우수 최고 만족 우수 좋다 우수 좋다 만족 최고 디자인이 완벽
592,스마트폰,2,2023-01-25 15:00:00,사용자_592,False,불만 불만 품질이 디자인이 불만 나쁘다 최악 품질이 실망 문제 고장
593,태블릿,5,2023-01-25 16:00:00,사용자_593,True,만족 훌륭하다 만족 최고 품질이 완벽 우수
594,스마트워치,4,2023-01-25 17:00:00,사용자_594,True,완벽 좋다 완벽 완벽 완벽 우수 완벽 완벽 훌륭하다 최고 만족 좋다
595,스마트폰,3,2023-01-25 18:00:00,사용자_595,False,무난 적당 성능이 보통 평범 품질이
596,스마트폰,3,2023-01-25 19:00:00,사용자_596,True,평범 무난 보통 디자인이 성능이 그럭저럭 성능이
597,스마트폰,2,2023-01-25 20:00:00,사용자_597,True,불만 불만 품질이 불만 불만 별로 품질이 실망 문제 고장 최악 문제 최악 성능이
598,노트북,4,2023-01-25 21:00:00,사용자_598,False,만족 훌륭하다 우수 성능이 만족 최고 좋다 최고 완벽
599,스마트폰,4,2023-01-25 22:00:00,사용자_599,True,훌륭하다 만족 우수 완벽 우수 최고 훌륭하다 추천
600,노트북,5,2023-01-25 23:00:00,사용자_600,True,완벽 추천 완벽 품질이 추천 추천 훌륭하다
601,태블릿,5,2023-01-26 00:00:00,사용자_601,True,우수 우수 좋다 훌륭하다 품질이 훌륭하다 좋다 품질이
602,이어폰,5,2023-01-26 01:00:00,사용자_602,True,훌륭하다 훌륭하다 디자인이 품질이 추천 좋다
603,태블릿,1,2023-01-26 02:00:00,사용자_603,True,최악 성능이 불만 성능이 품질이 불만 품질이 품질이 고장
604,스마트워치,4,2023-01-26 03:00:00,사용자_604,True,디자인이 품질이 디자인이 디자인이 성능이 성능이 만족 우수 우수 좋다 좋다
605,이어폰,4,2023-01-26 04:00:00,사용자_605,True,좋다 만족 추천 만족 품질이 최고 완벽 우수 성능이 좋다 품질이 추천
606,스마트폰,5,2023-01-26 05:00:00,사용자_606,True,완벽 최고 성능이 만족 만족 최고 최고 만족 추천 좋다 우수 훌륭하다 훌륭하다 우수
607,노트북,4,2023-01-26 06:00:00,사용자_607,True,좋다 우수 우수 좋다 완벽 우수 우수 완벽 성능이 최고 디자인이
608,태블릿,4,2023-01-26 07:00:00,사용자_608,True,우수 좋다 좋다 추천 추천 우수 최고 최고 만족 만족 품질이
609,이어폰,4,2023-01-26 08:00:00,사용자_609,True,추천 디자인이 좋다 완벽 만족 완벽 최고 최고 품질이 만족 우수 품질이
610,스마트워치,2,2023-01-26 09:00:00,사용자_610,False,실망 실망 디자인이 최악 불만 고장 고장 고장 문제
611,스마트폰,5,2023-01-26 10:00:00,사용자_611,True,우수 최고 완벽 추천 추천 훌륭하다 만족 훌륭하다 디자인이 완벽 디자인이 좋다 품질이
612,이어폰,5,2023-01-26 11:00:00,사용자_612,True,만족 좋다 최고 추천 디자인이 추천 완벽 추천 디자인이 완벽 좋다
613,노트북,4,2023-01-26 12:00:00,사용자_613,False,품질이 좋다 품질이 디자인이 만족 성능이 우수 좋다
614,스마트폰,4,2023-01-26 13:00:00,사용자_614,True,성능이 우수 만족 최고 추천 품질이
615,스마트워치,5,2023-01-26 14:00:00,사용자_615,True,좋다 우수 완벽 품질이 최고
616,스마트워치,5,2023-01-26 15:00:00,사용자_616,False,완벽 최고 추천 최고 우수 최고 완벽 우수 우수 최고 우수 디자인이 완벽 성능이
617,스마트폰,1,2023-01-26 16:00:00,사용자_617,True,불만 문제 불만 실망 문제 최악 별로 성능이 성능이 문제 최악 실망 불만
618,이어폰,5,2023-01-26 17:00:00,사용자_618,True,좋다 추천 최고 최고 최고 우수 훌륭하다 성능이 품질이 좋다 좋다
619,스마트워치,3,2023-01-26 18:00:00,사용자_619,True,평범 적당 평범 적당 그럭저럭 무난 무난 평범 무난
620,태블릿,3,2023-01-26 19:00:00,사용자_620,True,디자인이 품질이 적당 평범 보통 그럭저럭 그럭저럭 무난 평범
621,태블릿,4,2023-01-26 20:00:00,사용자_621,False,품질이 완벽 최고 우수 좋다 최고 만족 좋다 추천
622,태블릿,1,2023-01-26 21:00:00,사용자_622,False,최악 디자인이 문제 나쁘다 성능이
623,태블릿,3,2023-01-26 22:00:00,사용자_623,False,무난 보통 그럭저럭 무난 적당 평범 그럭저럭 평범 적당
624,노트북,5,2023-01-26 23:00:00,사용자_624,True,최고 만족 좋다 좋다 품질이
625,스마트워치,4,2023-01-27 00:00:00,사용자_625,True,디자인이 추천 품질이 우수 완벽 완벽 최고 성능이 만족 좋다 좋다 성능이 만족
626,노트북,5,2023-01-27 01:00:00,사용자_626,True,품질이 디자인이 최고 훌륭하다 만족 추천 디자인이 최고 완벽 훌륭하다 우수
627,노트북,5,2023-01-27 02:00:00,사용자_627,True,품질이 품질이 우수 추천 우수
628,노트북,3,2023-01-27 03:00:00,사용자_628,True,성능이 보통 무난 보통 디자인이 적당 적당 적당 평범 디자인이 디자인이 평범 적당 적당
629,태블릿,4,2023-01-27 04:00:00,사용자_629,True,우수 완벽 완벽 품질이 우수 추천 최고 완벽 우수 완벽 만족 훌륭하다
630,스마트워치,1,2023-01-27 05:00:00,사용자_630,True,성능이 나쁘다 고장 문제 불만 최악 실망 문제 문제 나쁘다
631,노트북,4,2023-01-27 06:00:00,사용자_631,True,최고 추천 완벽 디자인이 품질이 만족 추천 훌륭하다 추천 최고 최고 품질이
632,태블릿,3,2023-01-27 07:00:00,사용자_632,True,평범 품질이 디자인이 디자인이 평범 디자인이 평범 성능이
633,이어폰,3,2023-01-27 08:00:00,사용자_633,True,그럭저럭 무난 품질이 보통 무난 무난
634,스마트폰,3,2023-01-27 09:00:00,사용자_634,False,무난 그럭저럭 품질이 품질이 평범
635,이어폰,3,2023-01-27 10:00:00,사용자_635,False,그럭저럭 무난 무난 품질이 적당 무난
636,스마트워치,2,2023-01-27 11:00:00,사용자_636,True,성능이 불만 별로 문제 고장 최악 나쁘다 문제 불만 문제 최악
637,스마트폰,5,2023-01-27 12:00:00,사용자_637,True,우수 완벽 좋다 성능이 최고 성능이 최고 우수 훌륭하다 추천 좋다 만족 품질이
638,스마트워치,2,2023-01-27 13:00:00,사용자_638,False,별로 나쁘다 실망 최악 고장 나쁘다 나쁘다 불만 별로
639,스마트워치,3,2023-01-27 14:00:00,사용자_639,False,평범 보통 적당 보통 보통 그럭저럭 보통 무난 보통 적당
640,이어폰,3,2023-01-27 15:00:00,사용자_640,True,무난 성능이 성능이 품질이 적당
641,노트북,5,2023-01-27 16:00:00,사용자_641,True,좋다 좋다 우수 추천 우수 디자인이 만족 완벽 디자인이
642,노트북,4,2023-01-27 17:00:00,사용자_642,True,추천 디자인이 좋다 추천 우수
643,태블릿,4,2023-01-27 18:00:00,사용자_643,False,디자인이 추천 추천 최고 훌륭하다 훌륭하다
644,태블릿,2,2023-01-27 19:00:00,사용자_644,True,나쁘다 문제 고장 별로 실망 문제 별로 성능이 불만 나쁘다 성능이 별로 문제 문제
645,태블릿,5,2023-01-27 20:00:00,사용자_645,False,우수 만족 완벽 우수 품질이 추천 완벽 최고 우수 디자인이 좋다 우수 만족 디자인이
646,이어폰,3,2023-01-27 21:00:00,사용자_646,True,무난 그럭저럭 적당 보통 무난 디자인이 품질이 품질이 적당 적당 그럭저럭 평범 적당
647,노트북,5,2023-01-27 22:00:00,사용자_647,True,추천 만족 최고 만족 완벽 완벽 추천 만족 최고 추천 훌륭하다 좋다 만족
648,태블릿,4,2023-01-27 23:00:00,사용자_648,True,우수 완벽 추천 디자인이 디자인이 우수 최고 좋다 성능이 훌륭하다 훌륭하다 품질이
649,스마트워치,4,2023-01-28 00:00:00,사용자_649,True,추천 우수 만족 훌륭하다 훌륭하다 성능이 좋다 완벽 최고 훌륭하다 품질이 만족 추천
650,이어폰,5,2023-01-28 01:00:00,사용자_650,False,완벽 완벽 좋다 추천 좋다 최고 디자인이 만족 훌륭하다 만족 우수 최고 추천 최고
651,스마트워치,2,2023-01-28 02:00:00,사용자_651,True,최악 나쁘다 최악 실망 나쁘다 최악 성능이 디자인이 품질이
652,스마트워치,4,2023-01-28 03:00:00,사용자_652,True,완벽 최고 완벽 최고 만족 우수
653,태블릿,3,2023-01-28 04:00:00,사용자_653,True,성능이 평범 무난 적당 디자인이 보통 그럭저럭 그럭저럭
654,이어폰,4,2023-01-28 05:00:00,사용자_654,True,훌륭하다 훌륭하다 훌륭하다 훌륭하다 완벽 추천
655,이어폰,4,2023-01-28 06:00:00,사용자_655,True,훌륭하다 디자인이 훌륭하다 훌륭하다 훌륭하다 좋다
656,태블릿,4,2023-01-28 07:00:00,사용자_656,True,품질이 만족 최고 성능이 좋다 훌륭하다 좋다 만족 좋다
657,노트북,1,2023-01-28 08:00:00,사용자_657,True,최악 디자인이 최악 최악 고장 나쁘다 최악 별로 실망 문제 고장
658,태블릿,3,2023-01-28 09:00:00,사용자_658,True,그럭저럭 성능이 무난 디자인이 보통 평범 보통 그럭저럭 적당 적당 성능이
659,태블릿,1,2023-01-28 10:00:00,사용자_659,True,고장 문제 별로 불만 최악
660,이어폰,1,2023-01-28 11:00:00,사용자_660,True,문제 나쁘다 최악 실망 디자인이 문제 품질이 품질이 고장 고장 실망 문제 최악 문제
661,이어폰,4,2023-01-28 12:00:00,사용자_661,True,훌륭하다 추천 훌륭하다 우수 훌륭하다 품질이 우수 추천
662,태블릿,5,2023-01-28 13:00:00,사용자_662,False,만족 디자인이 완벽 훌륭하다 완벽 만족 추천 최고 완벽
663,스마트워치,4,2023-01-28 14:00:00,사용자_663,True,추천 훌륭하다 추천 우수 만족 좋다 최고 품질이
664,스마트폰,4,2023-01-28 15:00:00,사용자_664,False,좋다 성능이 만족 완벽 훌륭하다 훌륭하다 최고 최고 완벽 우수 우수 만족 완벽
665,스마트폰,5,2023-01-28 16:00:00,사용자_665,True,디자인이 완벽 만족 우수 우수 우수 품질이 최고 만족 훌륭하다 우수 추천 우수 만족
666,노트북,5,2023-01-28 17:00:00,사용자_666,True,훌륭하다 좋다 추천 성능이 추천 좋다 우수 만족 디자인이 좋다
667,태블릿,3,2023-01-28 18:00:00,사용자_667,True,성능이 그럭저럭 적당 디자인이 보통 보통 품질이
668,스마트워치,4,2023-01-28 19:00:00,사용자_668,True,추천 좋다 우수 추천 추천
669,노트북,1,2023-01-28 20:00:00,사용자_669,True,실망 나쁘다 디자인이 나쁘다 문제 문제 문제 고장 불만 불만 최악 나쁘다 디자인이 별로
670,스마트워치,4,2023-01-28 21:00:00,사용자_670,True,추천 최고 추천 디자인이 성능이
671,스마트폰,5,2023-01-28 22:00:00,사용자_671,True,품질이 만족 만족 훌륭하다 완벽 품질이 좋다 만족
672,태블릿,5,2023-01-28 23:00:00,사용자_672,True,최고 디자인이 추천 디자인이 성능이 훌륭하다 디자인이 최고 훌륭하다 품질이
673,스마트워치,3,2023-01-29 00:00:00,사용자_673,True,무난 성능이 적당 보통 적당 평범 그럭저럭 품질이 평범
674,노트북,5,2023-01-29 01:00:00,사용자_674,True,디자인이 훌륭하다 성능이 우수 좋다 디자인이 훌륭하다 만족 완벽 성능이 완벽 좋다 완벽 완벽
675,태블릿,3,2023-01-29 02:00:00,사용자_675,True,보통 보통 평범 보통 성능이 디자인이 보통 그럭저럭 평범
676,스마트워치,5,2023-01-29 03:00:00,사용자_676,True,만족 성능이 우수 완벽 품질이 완벽 완벽 추천
677,노트북,2,2023-01-29 04:00:00,사용자_677,True,별로 별로 고장 문제 실망 디자인이 별로 별로 문제 디자인이 최악 성능이 실망 디자인이
678,태블릿,4,2023-01-29 05:00:00,사용자_678,False,최고 좋다 훌륭하다 만족 좋다
679,노트북,5,2023-01-29 06:00:00,사용자_679,True,완벽 우수 훌륭하다 디자인이 품질이 우수 디자인이 디자인이 성능이 훌륭하다 완벽 우수 좋다 최고
680,이어폰,5,2023-01-29 07:00:00,사용자_680,True,디자인이 우수 우수 품질이 완벽 최고 우수 최고 추천
681,노트북,4,2023-01-29 08:00:00,사용자_681,False,디자인이 최고 우수 우수 품질이 품질이 완벽 좋다 좋다 최고
682,스마트워치,3,2023-01-29 09:00:00,사용자_682,True,무난 적당 보통 무난 무난 적당 디자인이 적당 평범
683,이어폰,1,2023-01-29 10:00:00,사용자_683,True,나쁘다 문제 불만 고장 별로 실망 불만 실망 문제
684,노트북,4,2023-01-29 11:00:00,사용자_684,True,추천 디자인이 훌륭하다 추천 품질이 추천 최고
685,태블릿,5,2023-01-29 12:00:00,사용자_685,True,우수 좋다 성능이 만족 만족 추천
686,스마트폰,5,2023-01-29 13:00:00,사용자_686,True,훌륭하다 좋다 최고 완벽 훌륭하다
687,이어폰,2,2023-01-29 14:00:00,사용자_687,True,실망 디자인이 나쁘다 불만 최악
688,스마트폰,5,2023-01-29 15:00:00,사용자_688,True,최고 성능이 만족 우수 만족 추천 디자인이 추천 추천
689,노트북,4,2023-01-29 16:00:00,사용자_689,True,우수 좋다 훌륭하다 디자인이 추천 추천 최고 추천 좋다 훌륭하다 최고 완벽 디자인이
690,스마트워치,2,2023-01-29 17:00:00,사용자_690,True,나쁘다 문제 실망 고장 고장 나쁘다 품질이 실망 디자인이 실망
691,태블릿,5,2023-01-29 18:00:00,사용자_691,True,성능이 최고 디자인이 우수 우수 좋다 훌륭하다
692,이어폰,5,2023-01-29 19:00:00,사용자_692,True,완벽 좋다 훌륭하다 디자인이 우수 최고 훌륭하다 만족 추천
693,스마트폰,1,2023-01-29 20:00:00,사용자_693,True,불만 불만 불만 실망 최악 문제 문제 고장 최악 고장 실망 나쁘다 최악 불만
694,스마트폰,5,2023-01-29 21:00:00,사용자_694,True,추천 완벽 최고 품질이 최고 좋다
695,노트북,4,2023-01-29 22:00:00,사용자_695,True,디자인이 품질이 훌륭하다 우수 훌륭하다 훌륭하다 추천 우수 만족 최고 좋다 만족 훌륭하다
696,태블릿,4,2023-01-29 23:00:00,사용자_696,False,우수 디자인이 성능이 만족 훌륭하다 추천 만족 좋다 추천
697,스마트워치,3,2023-01-30 00:00:00,사용자_697,True,평범 적당 보통 무난 그럭저럭 그럭저럭 무난 무난 보통 그럭저럭 보통 적당 그럭저럭 보통
698,스마트워치,4,2023-01-30 01:00:00,사용자_698,True,우수 훌륭하다 완벽 성능이 품질이 최고 최고
699,이어폰,5,2023-01-30 02:00:00,사용자_699,True,완벽 완벽 훌륭하다 추천 만족 훌륭하다 품질이 추천 완벽 좋다 최고 최고 완벽
700,스마트워치,5,2023-01-30 03:00:00,사용자_700,True,디자인이 우수 디자인이 최고 디자인이 추천 훌륭하다 성능이 좋다 우수 만족
701,노트북,2,2023-01-30 04:00:00,사용자_701,False,나쁘다 별로 별로 성능이 실망 최악 최악 디자인이 문제
702,스마트폰,3,2023-01-30 05:00:00,사용자_702,True,보통 적당 그럭저럭 무난 디자인이 품질이 평범 그럭저럭 그럭저럭 디자인이 그럭저럭
703,스마트폰,4,2023-01-30 06:00:00,사용자_703,True,만족 품질이 완벽 만족 디자인이 좋다 우수 디자인이
704,태블릿,4,2023-01-30 07:00:00,사용자_704,True,최고 품질이 훌륭하다 훌륭하다 성능이
705,태블릿,3,2023-01-30 08:00:00,사용자_705,True,평범 성능이 그럭저럭 적당 평범 무난 적당 성능이 디자인이 무난 평범 무난 디자인이 그럭저럭
706,스마트폰,4,2023-01-30 09:00:00,사용자_706,False,최고 훌륭하다 추천 디자인이 훌륭하다 만족 완벽 만족 품질이 완벽 최고
707,스마트폰,1,2023-01-30 10:00:00,사용자_707,True,고장 고장 고장 최악 문제
708,스마트폰,5,2023-01-30 11:00:00,사용자_708,True,우수 훌륭하다 성능이 좋다 우수 좋다
709,노트북,1,2023-01-30 12:00:00,사용자_709,True,별로 실망 별로 고장 실망
710,태블릿,1,2023-01-30 13:00:00,사용자_710,True,고장 실망 불만 고장 불만 성능이 별로 최악 별로 불만 최악 나쁘다 실망
711,스마트워치,5,2023-01-30 14:00:00,사용자_711,True,추천 훌륭하다 훌륭하다 완벽 훌륭하다 추천 성능이
712,이어폰,2,2023-01-30 15:00:00,사용자_712,False,별로 실망 최악 품질이 문제 품질이
713,노트북,4,2023-01-30 16:00:00,사용자_713,True,우수 우수 좋다 성능이 추천 만족 최고 추천 훌륭하다 최고 우수
714,노트북,4,2023-01-30 17:00:00,사용자_714,False,추천 만족 만족 추천 만족 우수 최고 좋다 추천 만족 추천 만족 성능이
715,이어폰,4,2023-01-30 18:00:00,사용자_715,True,우수 만족 훌륭하다 최고 디자인이
716,이어폰,4,2023-01-30 19:00:00,사용자_716,True,완벽 훌륭하다 디자인이 추천 추천 최고 완벽 훌륭하다 훌륭하다 좋다 추천 최고
717,이어폰,5,2023-01-30 20:00:00,사용자_717,False,좋다 만족 성능이 완벽 완벽 완벽 만족
718,스마트워치,1,2023-01-30 21:00:00,사용자_718,True,디자인이 실망 불만 실망 품질이 문제 실망 별로
719,스마트폰,4,2023-01-30 22:00:00,사용자_719,True,완벽 만족 완벽 훌륭하다 훌륭하다 만족
720,이어폰,3,2023-01-30 23:00:00,사용자_720,False,보통 무난 평범 디자인이 무난 평범 보통 무난 품질이 평범 그럭저럭 무난 무난 그럭저럭
721,노트북,1,2023-01-31 00:00:00,사용자_721,True,문제 디자인이 성능이 별로 실망 나쁘다 최악 별로
722,노트북,4,2023-01-31 01:00:00,사용자_722,True,완벽 만족 추천 디자인이 만족 디자인이
723,스마트워치,3,2023-01-31 02:00:00,사용자_723,True,무난 보통 그럭저럭 보통 성능이 품질이 품질이 디자인이
724,스마트워치,5,2023-01-31 03:00:00,사용자_724,True,훌륭하다 좋다 만족 좋다 좋다 품질이 좋다 우수 추천 우수 추천 만족
725,노트북,4,2023-01-31 04:00:00,사용자_725,True,만족 훌륭하다 훌륭하다 완벽 최고 품질이 좋다 훌륭하다 품질이
726,이어폰,2,2023-01-31 05:00:00,사용자_726,True,고장 별로 불만 별로 품질이 문제 실망 실망 나쁘다 불만 고장
727,스마트폰,5,2023-01-31 06:00:00,사용자_727,True,훌륭하다 훌륭하다 최고 디자인이 품질이
728,노트북,3,2023-01-31 07:00:00,사용자_728,False,그럭저럭 평범 보통 성능이 적당 품질이 디자인이
729,노트북,2,2023-01-31 08:00:00,사용자_729,True,별로 불만 최악 고장 별로 품질이 문제 최악 실망 실망 문제 품질이
730,태블릿,2,2023-01-31 09:00:00,사용자_730,True,최악 디자인이 불만 불만 성능이 고장 문제 최악 나쁘다 문제 나쁘다 별로 문제
731,스마트폰,4,2023-01-31 10:00:00,사용자_731,True,디자인이 최고 우수 훌륭하다 훌륭하다 완벽 최고 품질이 좋다 성능이
732,이어폰,1,2023-01-31 11:00:00,사용자_732,True,고장 디자인이 문제 별로 문제 문제 디자인이 문제
733,스마트워치,4,2023-01-31 12:00:00,사용자_733,True,훌륭하다 만족 만족 최고 품질이 만족 우수 최고 최고
734,스마트폰,4,2023-01-31 13:00:00,사용자_734,True,좋다 만족 만족 우수 훌륭하다 최고 훌륭하다 만족
735,태블릿,1,2023-01-31 14:00:00,사용자_735,False,디자인이 디자인이 최악 나쁘다 불만 불만 성능이
736,태블릿,3,2023-01-31 15:00:00,사용자_736,True,무난 디자인이 품질이 무난 무난 무난 평범 무난 평범 성능이 품질이
737,이어폰,1,2023-01-31 16:00:00,사용자_737,False,별로 디자인이 별로 최악 문제 고장 문제 최악 불만 품질이 고장 최악 별로 나쁘다
738,노트북,2,2023-01-31 17:00:00,사용자_738,False,문제 실망 불만 최악 디자인이 별로 나쁘다 문제 최악
739,스마트워치,5,2023-01-31 18:00:00,사용자_739,False,최고 추천 성능이 만족 추천 최고 우수 추천 좋다 디자인이 우수
740,이어폰,5,2023-01-31 19:00:00,사용자_740,True,좋다 좋다 좋다 훌륭하다 만족 만족 우수 좋다 우수 성능이 최고 우수 품질이 최고
741,태블릿,2,2023-01-31 20:00:00,사용자_741,True,불만 불만 별로 고장 불만 디자인이 디자인이 문제 문제 나쁘다
742,스마트워치,3,2023-01-31 21:00:00,사용자_742,True,성능이 디자인이 무난 보통 디자인이 적당
743,태블릿,5,2023-01-31 22:00:00,사용자_743,True,훌륭하다 훌륭하다 추천 훌륭하다 좋다 성능이 추천 만족 훌륭하다 좋다
744,태블릿,5,2023-01-31 23:00:00,사용자_744,True,훌륭하다 좋다 추천 완벽 추천 추천 최고 완벽 훌륭하다 최고 훌륭하다 최고
745,노트북,1,2023-02-01 00:00:00,사용자_745,True,별로 불만 불만 최악 문제 성능이 별로 별로 별로 나쁘다 문제 불만 불만 별로
746,태블릿,5,2023-02-01 01:00:00,사용자_746,True,품질이 최고 완벽 우수 최고 우수 최고 좋다 우수 좋다 완벽 좋다 만족 최고
747,스마트폰,5,2023-02-01 02:00:00,사용자_747,True,완벽 완벽 완벽 완벽 만족 좋다 좋다 디자인이 추천 우수
748,노트북,2,2023-02-01 03:00:00,사용자_748,False,최악 품질이 나쁘다 최악 디자인이 디자인이 나쁘다 별로 고장 불만 나쁘다 별로
749,노트북,3,2023-02-01 04:00:00,사용자_749,True,무난 적당 그럭저럭 성능이 평범 무난 평범 무난 성능이 성능이 적당 디자인이
750,스마트폰,5,2023-02-01 05:00:00,사용자_750,True,좋다 좋다 만족 만족 우수 완벽 우수 좋다 훌륭하다
751,노트북,4,2023-02-01 06:00:00,사용자_751,True,우수 우수 훌륭하다 좋다 좋다
752,이어폰,3,2023-02-01 07:00:00,사용자_752,True,적당 그럭저럭 디자인이 그럭저럭 평범 그럭저럭 디자인이 품질이 보통 성능이 그럭저럭
753,태블릿,1,2023-02-01 08:00:00,사용자_753,True,문제 고장 나쁘다 문제 실망 성능이 최악 최악 품질이 고장
754,스마트폰,3,2023-02-01 09:00:00,사용자_754,False,보통 성능이 보통 디자인이 평범 품질이 그럭저럭 무난 디자인이
755,태블릿,3,2023-02-01 10:00:00,사용자_755,False,평범 무난 그럭저럭 평범 보통 보통 평범
756,태블릿,2,2023-02-01 11:00:00,사용자_756,True,나쁘다 실망 디자인이 실망 나쁘다 문제 성능이 실망 문제 고장 별로
757,태블릿,2,2023-02-01 12:00:00,사용자_757,True,나쁘다 성능이 문제 실망 별로
758,노트북,4,2023-02-01 13:00:00,사용자_758,True,만족 추천 훌륭하다 우수 만족 추천 훌륭하다 만족 만족 최고 완벽
759,스마트워치,1,2023-02-01 14:00:00,사용자_759,True,별로 실망 성능이 나쁘다 디자인이 문제 최악
760,스마트워치,4,2023-02-01 15:00:00,사용자_760,True,우수 우수 최고 성능이 추천 성능이 최고 최고 만족 만족
761,스마트폰,5,2023-02-01 16:00:00,사용자_761,True,완벽 완벽 추천 우수 만족
762,태블릿,2,2023-02-01 17:00:00,사용자_762,True,실망 나쁘다 불만 고장 고장 별로
763,태블릿,5,2023-02-01 18:00:00,사용자_763,False,우수 우수 좋다 디자인이 추천
764,스마트워치,5,2023-02-01 19:00:00,사용자_764,True,만족 품질이 좋다 우수 우수 좋다 좋다 완벽 훌륭하다 우수 품질이
765,노트북,5,2023-02-01 20:00:00,사용자_765,True,최고 성능이 품질이 만족 우수 품질이 최고
766,스마트워치,1,2023-02-01 21:00:00,사용자_766,True,문제 나쁘다 디자인이 실망 품질이 최악 성능이 디자인이 디자인이 최악
767,이어폰,3,2023-02-01 22:00:00,사용자_767,True,품질이 보통 품질이 성능이 성능이 무난 무난 적당 성능이 보통 적당 그럭저럭
768,태블릿,4,2023-02-01 23:00:00,사용자_768,False,좋다 디자인이 좋다 성능이 최고 훌륭하다 최고 추천 최고 훌륭하다 품질이 훌륭하다
769,이어폰,3,2023-02-02 00:00:00,사용자_769,True,적당 무난 디자인이 적당 그럭저럭 디자인이 무난 적당 평범 디자인이
770,스마트폰,3,2023-02-02 01:00:00,사용자_770,True,무난 적당 적당 평범 성능이 평범 품질이 디자인이 평범 평범 보통 적당
771,태블릿,4,2023-02-02 02:00:00,사용자_771,True,성능이 디자인이 만족 우수 디자인이 품질이 훌륭하다 완벽 최고 품질이 품질이 좋다 추천 최고
772,스마트폰,2,2023-02-02 03:00:00,사용자_772,True,나쁘다 고장 최악 별로 최악 별로 성능이 성능이 나쁘다 불만 최악 나쁘다
773,노트북,1,2023-02-02 04:00:00,사용자_773,True,문제 고장 고장 디자인이 문제 실망 품질이 디자인이
774,태블릿,4,2023-02-02 05:00:00,사용자_774,True,좋다 추천 좋다 만족 만족 추천 우수 좋다
775,스마트폰,3,2023-02-02 06:00:00,사용자_775,True,평범 그럭저럭 적당 적당 품질이 무난 무난 보통 그럭저럭 무난
776,스마트워치,4,2023-02-02 07:00:00,사용자_776,False,만족 디자인이 완벽 훌륭하다 좋다 훌륭하다 품질이
777,태블릿,4,2023-02-02 08:00:00,사용자_777,False,우수 훌륭하다 좋다 품질이 최고 디자인이 완벽 완벽 성능이 우수 최고 우수 최고
778,스마트워치,5,2023-02-02 09:00:00,사용자_778,True,만족 추천 디자인이 완벽 품질이
779,노트북,5,2023-02-02 10:00:00,사용자_779,True,디자인이 만족 훌륭하다 성능이 우수 최고 완벽 품질이 최고 디자인이 최고 좋다 최고 최고
780,태블릿,5,2023-02-02 11:00:00,사용자_780,False,좋다 완벽 완벽 추천 훌륭하다 완벽 훌륭하다 성능이 완벽
781,노트북,5,2023-02-02 12:00:00,사용자_781,True,성능이 좋다 최고 우수 최고 좋다 좋다
782,스마트폰,5,2023-02-02 13:00:00,사용자_782,True,최고 우수 디자인이 성능이 만족
783,스마트워치,5,2023-02-02 14:00:00,사용자_783,True,훌륭하다 좋다 훌륭하다 훌륭하다 성능이 성능이 완벽 추천 추천
784,스마트폰,4,2023-02-02 15:00:00,사용자_784,False,완벽 최고 훌륭하다 만족 훌륭하다 추천 최고 훌륭하다 완벽 추천 최고 좋다 만족 추천
785,스마트폰,4,2023-02-02 16:00:00,사용자_785,True,디자인이 좋다 최고 품질이 우수 품질이 추천
786,노트북,5,2023-02-02 17:00:00,사용자_786,True,디자인이 최고 우수 훌륭하다 훌륭하다 완벽
787,스마트워치,4,2023-02-02 18:00:00,사용자_787,False,품질이 우수 최고 만족 품질이 우수
788,이어폰,3,2023-02-02 19:00:00,사용자_788,False,디자인이 그럭저럭 품질이 성능이 평범 무난 디자인이 품질이 평범 품질이 성능이 평범 그럭저럭 그럭저럭
789,스마트폰,3,2023-02-02 20:00:00,사용자_789,True,성능이 그럭저럭 보통 적당 디자인이 평범 적당
790,노트북,5,2023-02-02 21:00:00,사용자_790,True,성능이 만족 완벽 훌륭하다 우수 우수 성능이 만족
791,태블릿,5,2023-02-02 22:00:00,사용자_791,True,추천 우수 완벽 성능이 좋다 디자인이 완벽 만족 우수 좋다 품질이
792,태블릿,2,2023-02-02 23:00:00,사용자_792,True,품질이 최악 별로 나쁘다 불만 불만 성능이 별로 별로 불만 최악
793,스마트워치,3,2023-02-03 00:00:00,사용자_793,True,적당 보통 평범 품질이 디자인이 무난 보통 평범 평범 평범 보통 무난 무난 평범
794,노트북,3,2023-02-03 01:00:00,사용자_794,True,보통 품질이 그럭저럭 그럭저럭 적당 무난 무난 무난 평범 평범 적당 성능이
795,스마트워치,3,2023-02-03 02:00:00,사용자_795,True,그럭저럭 성능이 무난 그럭저럭 보통 품질이 그럭저럭
796,태블릿,5,2023-02-03 03:00:00,사용자_796,False,최고 완벽 추천 좋다 완벽 최고 완벽 만족
797,태블릿,4,2023-02-03 04:00:00,사용자_797,True,우수 만족 우수 최고 최고 우수 우수 좋다
798,스마트워치,5,2023-02-03 05:00:00,사용자_798,False,최고 추천 좋다 완벽 좋다 우수 좋다 완벽 만족
799,이어폰,1,2023-02-03 06:00:00,사용자_799,True,최악 실망 품질이 품질이 문제 고장 고장 나쁘다 고장 별로 실망
800,이어폰,5,2023-02-03 07:00:00,사용자_800,True,훌륭하다 좋다 만족 성능이 훌륭하다
801,이어폰,5,2023-02-03 08:00:00,사용자_801,True,좋다 우수 품질이 품질이 최고 우수 추천 훌륭하다 추천
802,노트북,4,2023-02-03 09:00:00,사용자_802,True,최고 우수 최고 성능이 성능이 품질이 만족
803,이어폰,3,2023-02-03 10:00:00,사용자_803,True,무난 그럭저럭 평범 평범 무난 그럭저럭 품질이 성능이
804,노트북,4,2023-02-03 11:00:00,사용자_804,False,우수 최고 최고 디자인이 최고 품질이 만족 품질이 완벽 최고
805,스마트워치,5,2023-02-03 12:00:00,사용자_805,False,우수 만족 추천 훌륭하다 추천 최고 최고 성능이 훌륭하다 만족 만족 만족 만족
806,스마트워치,4,2023-02-03 13:00:00,사용자_806,False,디자인이 최고 좋다 만족 디자인이 완벽 최고
807,태블릿,3,2023-02-03 14:00:00,사용자_807,True,적당 품질이 평범 그럭저럭 성능이 적당
808,스마트워치,5,2023-02-03 15:00:00,사용자_808,True,우수 성능이 최고 우수 품질이 좋다 만족 완벽 완벽 추천 좋다 완벽 최고
809,태블릿,3,2023-02-03 16:00:00,사용자_809,False,적당 적당 적당 그럭저럭 보통 성능이
810,태블릿,4,2023-02-03 17:00:00,사용자_810,True,좋다 만족 추천 성능이 품질이 완벽 훌륭하다 완벽 최고 훌륭하다 만족 만족 추천 좋다
811,이어폰,1,2023-02-03 18:00:00,사용자_811,True,실망 나쁘다 불만 문제 나쁘다 나쁘다 문제 최악 고장 고장 실망 품질이 불만
812,태블릿,5,2023-02-03 19:00:00,사용자_812,True,좋다 좋다 완벽 완벽 품질이 추천
813,스마트워치,3,2023-02-03 20:00:00,사용자_813,True,평범 평범 보통 평범 적당 적당
814,스마트폰,3,2023-02-03 21:00:00,사용자_814,False,무난 평범 평범 보통 평범 평범
815,노트북,4,2023-02-03 22:00:00,사용자_815,True,성능이 최고 만족 훌륭하다 훌륭하다 좋다 좋다 품질이 훌륭하다 좋다 훌륭하다
816,스마트폰,2,2023-02-03 23:00:00,사용자_816,True,최악 실망 고장 성능이 실망 나쁘다 고장 품질이
817,태블릿,3,2023-02-04 00:00:00,사용자_817,True,그럭저럭 그럭저럭 그럭저럭 무난 적당 품질이
818,태블릿,3,2023-02-04 01:00:00,사용자_818,True,적당 무난 디자인이 평범 평범 보통 보통 그럭저럭 보통
819,스마트워치,5,2023-02-04 02:00:00,사용자_819,True,좋다 만족 좋다 추천 성능이
820,이어폰,3,2023-02-04 03:00:00,사용자_820,False,그럭저럭 평범 평범 무난 보통 그럭저럭 적당 무난 품질이 성능이 보통
821,스마트워치,2,2023-02-04 04:00:00,사용자_821,True,별로 실망 나쁘다 문제 불만 나쁘다 최악 나쁘다
822,태블릿,3,2023-02-04 05:00:00,사용자_822,True,보통 보통 적당 적당 적당 적당 적당
823,노트북,5,2023-02-04 06:00:00,사용자_823,True,훌륭하다 최고 훌륭하다 성능이 만족 추천 품질이
824,태블릿,4,2023-02-04 07:00:00,사용자_824,True,만족 최고 훌륭하다 품질이 만족 훌륭하다 성능이 추천 만족 우수 최고 만족 좋다
825,이어폰,5,2023-02-04 08:00:00,사용자_825,True,디자인이 좋다 품질이 최고 품질이 우수 만족 최고 최고 만족 훌륭하다 좋다
826,노트북,5,2023-02-04 09:00:00,사용자_826,True,좋다 좋다 우수 추천 완벽 만족
827,스마트폰,4,2023-02-04 10:00:00,사용자_827,True,최고 우수 좋다 성능이 만족 만족 품질이 완벽 만족 성능이 디자인이 훌륭하다 훌륭하다 좋다
828,스마트워치,3,2023-02-04 11:00:00,사용자_828,True,디자인이 평범 디자인이 그럭저럭 성능이 평범 무난 무난 무난
829,스마트워치,2,2023-02-04 12:00:00,사용자_829,True,실망 성능이 고장 최악 별로 고장
830,태블릿,3,2023-02-04 13:00:00,사용자_830,True,무난 보통 보통 디자인이 품질이 무난 보통 무난 그럭저럭 평범 그럭저럭 적당
831,태블릿,3,2023-02-04 14:00:00,사용자_831,False,평범 그럭저럭 성능이 그럭저럭 성능이 적당 품질이 평범
832,태블릿,3,2023-02-04 15:00:00,사용자_832,True,그럭저럭 평범 무난 그럭저럭 성능이 적당 무난 성능이 성능이 성능이 그럭저럭 평범
833,태블릿,3,2023-02-04 16:00:00,사용자_833,False,품질이 무난 무난 디자인이 그럭저럭 평범 평범 품질이 성능이
834,스마트워치,5,2023-02-04 17:00:00,사용자_834,False,우수 성능이 우수 좋다 추천 훌륭하다 좋다 최고 만족 만족 완벽 좋다
835,노트북,3,2023-02-04 18:00:00,사용자_835,False,디자인이 품질이 평범 적당 품질이 그럭저럭 무난
836,스마트워치,5,2023-02-04 19:00:00,사용자_836,True,훌륭하다 좋다 추천 추천 만족 훌륭하다 좋다
837,태블릿,3,2023-02-04 20:00:00,사용자_837,False,무난 보통 보통 그럭저럭 무난 무난 무난 디자인이 그럭저럭 평범 평범 성능이
838,태블릿,5,2023-02-04 21:00:00,사용자_838,True,우수 만족 훌륭하다 훌륭하다 최고 추천 디자인이
839,노트북,2,2023-02-04 22:00:00,사용자_839,True,별로 실망 디자인이 나쁘다 나쁘다
840,이어폰,1,2023-02-04 23:00:00,사용자_840,False,나쁘다 실망 불만 문제 고장 성능이 나쁘다
841,스마트워치,5,2023-02-05 00:00:00,사용자_841,True,최고 추천 완벽 추천 만족 우수 좋다 우수 훌륭하다 좋다 만족 추천 우수 완벽
842,이어폰,4,2023-02-05 01:00:00,사용자_842,False,완벽 좋다 추천 품질이 좋다 완벽 좋다 좋다 만족
843,스마트폰,2,2023-02-05 02:00:00,사용자_843,False,문제 별로 최악 별로 성능이 최악 문제 디자인이
844,태블릿,5,2023-02-05 03:00:00,사용자_844,False,좋다 만족 완벽 최고 우수 추천 최고 만족 우수 좋다 품질이 완벽 완벽 성능이
845,노트북,5,2023-02-05 04:00:00,사용자_845,True,추천 좋다 최고 최고 좋다
846,스마트폰,5,2023-02-05 05:00:00,사용자_846,True,완벽 좋다 최고 성능이 성능이 만족
847,태블릿,4,2023-02-05 06:00:00,사용자_847,True,좋다 완벽 완벽 만족 완벽 추천 품질이 추천 우수 최고 좋다 추천 훌륭하다 품질이
848,태블릿,2,2023-02-05 07:00:00,사용자_848,True,나쁘다 별로 실망 실망 고장 고장 별로 불만 품질이 디자인이 실망 나쁘다 별로
849,이어폰,4,2023-02-05 08:00:00,사용자_849,True,성능이 좋다 우수 훌륭하다 최고 최고 훌륭하다 우수 추천 훌륭하다 추천 우수
850,태블릿,4,2023-02-05 09:00:00,사용자_850,False,완벽 완벽 우수 디자인이 디자인이 우수 좋다 최고 훌륭하다 좋다 최고 만족
851,스마트워치,5,2023-02-05 10:00:00,사용자_851,True,만족 만족 우수 완벽 훌륭하다 좋다 만족
852,노트북,5,2023-02-05 11:00:00,사용자_852,True,만족 우수 우수 만족 디자인이 디자인이 추천
853,스마트워치,2,2023-02-05 12:00:00,사용자_853,True,별로 문제 문제 문제 별로 불만
854,태블릿,1,2023-02-05 13:00:00,사용자_854,True,별로 성능이 불만 품질이 성능이 불만 고장 실망
855,스마트폰,4,2023-02-05 14:00:00,사용자_855,True,우수 최고 추천 품질이 성능이 우수 성능이 품질이 만족
856,태블릿,4,2023-02-05 15:00:00,사용자_856,True,우수 훌륭하다 완벽 훌륭하다 만족 좋다
857,스마트워치,3,2023-02-05 16:00:00,사용자_857,True,무난 그럭저럭 보통 적당 성능이 무난 무난 평범 디자인이 평범
858,스마트폰,5,2023-02-05 17:00:00,사용자_858,True,완벽 완벽 완벽 추천 최고 훌륭하다
859,태블릿,5,2023-02-05 18:00:00,사용자_859,False,만족 성능이 추천 최고 최고 최고 추천 완벽 최고 최고 최고 만족
860,노트북,5,2023-02-05 19:00:00,사용자_860,True,품질이 성능이 최고 훌륭하다 디자인이 우수 품질이 완벽 품질이 훌륭하다 우수 완벽 우수 추천
861,노트북,4,2023-02-05 20:00:00,사용자_861,True,최고 최고 완벽 좋다 최고 디자인이 완벽
862,스마트워치,5,2023-02-05 21:00:00,사용자_862,True,최고 만족 추천 좋다 추천 품질이 우수 우수 완벽 최고 좋다 디자인이 디자인이 훌륭하다
863,스마트워치,1,2023-02-05 22:00:00,사용자_863,True,불만 불만 최악 나쁘다 실망 디자인이
864,스마트워치,4,2023-02-05 23:00:00,사용자_864,False,좋다 훌륭하다 품질이 완벽 만족 좋다 최고
865,태블릿,3,2023-02-06 00:00:00,사용자_865,True,그럭저럭 무난 품질이 적당 평범 평범 성능이 적당 무난 평범 그럭저럭 보통
866,이어폰,4,2023-02-06 01:00:00,사용자_866,True,완벽 성능이 성능이 좋다 최고 좋다 품질이 훌륭하다 만족
867,이어폰,3,2023-02-06 02:00:00,사용자_867,True,평범 그럭저럭 품질이 성능이 품질이 평범
868,태블릿,4,2023-02-06 03:00:00,사용자_868,True,우수 훌륭하다 성능이 우수 훌륭하다 만족 완벽 만족 좋다 훌륭하다 완벽 품질이 추천 훌륭하다
869,스마트워치,2,2023-02-06 04:00:00,사용자_869,True,품질이 디자인이 고장 고장 실망 별로 최악 불만
870,노트북,2,2023-02-06 05:00:00,사용자_870,False,불만 문제 별로 나쁘다 성능이 실망
871,태블릿,4,2023-02-06 06:00:00,사용자_871,False,훌륭하다 완벽 훌륭하다 완벽 훌륭하다 우수 만족 품질이 디자인이 추천 디자인이 품질이
872,스마트워치,5,2023-02-06 07:00:00,사용자_872,True,완벽 훌륭하다 성능이 우수 품질이
873,이어폰,5,2023-02-06 08:00:00,사용자_873,True,만족 만족 만족 우수 훌륭하다 우수 성능이 추천 품질이 좋다 최고 우수 완벽
874,스마트워치,4,2023-02-06 09:00:00,사용자_874,True,우수 디자인이 훌륭하다 디자인이 완벽 우수 만족 우수
875,스마트폰,2,2023-02-06 10:00:00,사용자_875,True,디자인이 문제 불만 별로 문제 실망 최악 불만 실망 최악 문제 실망
876,스마트워치,3,2023-02-06 11:00:00,사용자_876,True,무난 성능이 평범 디자인이 품질이 보통 품질이
877,스마트워치,1,2023-02-06 12:00:00,사용자_877,True,성능이 최악 고장 실망 나쁘다 고장 별로 별로
878,노트북,5,2023-02-06 13:00:00,사용자_878,False,완벽 최고 추천 품질이 좋다 우수 좋다 좋다 훌륭하다 추천 품질이 만족 우수 품질이
879,노트북,3,2023-02-06 14:00:00,사용자_879,True,그럭저럭 그럭저럭 평범 무난 평범 평범 그럭저럭 평범 보통 그럭저럭 성능이 그럭저럭
880,스마트워치,4,2023-02-06 15:00:00,사용자_880,True,디자인이 만족 훌륭하다 추천 훌륭하다 훌륭하다 우수 품질이 완벽 좋다
881,스마트폰,5,2023-02-06 16:00:00,사용자_881,True,품질이 최고 만족 좋다 훌륭하다 추천 우수 우수 추천
882,이어폰,3,2023-02-06 17:00:00,사용자_882,True,디자인이 적당 평범 그럭저럭 성능이 평범
883,이어폰,3,2023-02-06 18:00:00,사용자_883,True,성능이 보통 품질이 적당 적당 그럭저럭 적당 그럭저럭 평범 무난 적당
884,태블릿,2,2023-02-06 19:00:00,사용자_884,True,불만 최악 실망 불만 나쁘다 실망 별로 최악 디자인이 문제 최악
885,노트북,5,2023-02-06 20:00:00,사용자_885,True,최고 디자인이 최고 좋다 추천 훌륭하다 최고 완벽 만족 최고 만족 완벽 완벽 성능이
886,노트북,5,2023-02-06 21:00:00,사용자_886,False,훌륭하다 좋다 좋다 우수 성능이 추천 품질이 디자인이 최고 완벽 성능이 완벽 우수
887,태블릿,2,2023-02-06 22:00:00,사용자_887,True,나쁘다 디자인이 최악 별로 최악 별로
888,스마트워치,1,2023-02-06 23:00:00,사용자_888,True,별로 고장 성능이 문제 성능이 나쁘다 실망 품질이
889,이어폰,4,2023-02-07 00:00:00,사용자_889,True,디자인이 만족 최고 우수 추천 최고 만족 성능이
890,이어폰,5,2023-02-07 01:00:00,사용자_890,False,완벽 최고 우수 디자인이 품질이 만족 우수 최고 좋다 성능이 훌륭하다 우수
891,노트북,4,2023-02-07 02:00:00,사용자_891,True,만족 만족 좋다 추천 좋다 완벽 우수 추천 훌륭하다 최고 최고 최고
892,스마트폰,1,2023-02-07 03:00:00,사용자_892,False,나쁘다 고장 고장 문제 문제 문제
893,스마트워치,5,2023-02-07 04:00:00,사용자_893,False,성능이 만족 완벽 좋다 추천 최고 훌륭하다 만족 완벽 훌륭하다 우수 추천
894,노트북,4,2023-02-07 05:00:00,사용자_894,False,디자인이 훌륭하다 우수 추천 성능이 만족 만족 훌륭하다 품질이
895,스마트폰,4,2023-02-07 06:00:00,사용자_895,False,우수 성능이 우수 최고 품질이 추천
896,스마트폰,4,2023-02-07 07:00:00,사용자_896,True,디자인이 만족 최고 우수 완벽 좋다 추천
897,스마트폰,4,2023-02-07 08:00:00,사용자_897,False,우수 디자인이 만족 우수 추천 훌륭하다 훌륭하다 우수 좋다 완벽 완벽
898,노트북,4,2023-02-07 09:00:00,사용자_898,True,좋다 최고 훌륭하다 최고 디자인이 우수 품질이 완벽 추천 완벽 품질이 완벽
899,노트북,1,2023-02-07 10:00:00,사용자_899,True,최악 최악 문제 불만 나쁘다 불만 고장 실망 불만 별로 품질이 불만 고장
900,스마트워치,3,2023-02-07 11:00:00,사용자_900,True,디자인이 적당 디자인이 무난 적당 적당 무난 적당 평범 그럭저럭
901,스마트워치,1,2023-02-07 12:00:00,사용자_901,True,문제 품질이 최악 별로 문제 고장 문제 별로 디자인이 불만 나쁘다 디자인이 실망
902,노트북,5,2023-02-07 13:00:00,사용자_902,False,완벽 좋다 만족 최고 만족 좋다 좋다 최고 만족 만족 만족 성능이
903,노트북,4,2023-02-07 14:00:00,사용자_903,False,성능이 최고 완벽 추천 디자인이 우수 최고
904,스마트워치,1,2023-02-07 15:00:00,사용자_904,True,품질이 나쁘다 실망 문제 최악 고장 나쁘다 나쁘다 문제 나쁘다 문제 최악 성능이
905,이어폰,5,2023-02-07 16:00:00,사용자_905,True,좋다 디자인이 품질이 만족 훌륭하다 품질이 추천
906,태블릿,1,2023-02-07 17:00:00,사용자_906,True,성능이 문제 별로 문제 나쁘다 불만 별로 고장 품질이 성능이 품질이 실망
907,이어폰,3,2023-02-07 18:00:00,사용자_907,False,디자인이 보통 그럭저럭 디자인이 무난 평범 그럭저럭 그럭저럭 품질이 성능이 적당 무난
908,태블릿,3,2023-02-07 19:00:00,사용자_908,True,그럭저럭 성능이 적당 무난 디자인이
909,노트북,4,2023-02-07 20:00:00,사용자_909,True,좋다 훌륭하다 추천 좋다 추천 만족 우수 디자인이 우수 완벽 성능이 최고
910,스마트폰,4,2023-02-07 21:00:00,사용자_910,True,우수 우수 최고 만족 완벽 성능이 품질이 좋다 디자인이 추천 훌륭하다 추천 만족
911,태블릿,4,2023-02-07 22:00:00,사용자_911,True,완벽 최고 최고 품질이 우수 만족 품질이 훌륭하다 품질이 만족 품질이 완벽 최고
912,이어폰,4,2023-02-07 23:00:00,사용자_912,True,최고 품질이 성능이 훌륭하다 우수 최고 완벽
913,노트북,2,2023-02-08 00:00:00,사용자_913,False,품질이 실망 별로 실망 실망
914,이어폰,3,2023-02-08 01:00:00,사용자_914,True,디자인이 그럭저럭 그럭저럭 무난 평범 그럭저럭 디자인이 그럭저럭 보통 적당 적당
915,스마트폰,1,2023-02-08 02:00:00,사용자_915,True,별로 실망 별로 불만 나쁘다 고장 불만 품질이 문제 성능이 고장 문제
916,이어폰,5,2023-02-08 03:00:00,사용자_916,True,품질이 우수 우수 추천 추천 완벽 추천 훌륭하다 만족 완벽
917,스마트워치,1,2023-02-08 04:00:00,사용자_917,True,실망 고장 최악 나쁘다 최악 문제 불만
918,이어폰,4,2023-02-08 05:00:00,사용자_918,True,좋다 품질이 우수 좋다 완벽 품질이 우수 훌륭하다 디자인이 품질이 완벽 훌륭하다
919,스마트워치,5,2023-02-08 06:00:00,사용자_919,True,최고 좋다 완벽 우수 훌륭하다 최고 최고 추천 우수 훌륭하다 품질이 좋다 품질이 우수
920,스마트폰,4,2023-02-08 07:00:00,사용자_920,False,완벽 훌륭하다 훌륭하다 성능이 만족 디자인이 만족 우수 품질이 훌륭하다 만족 품질이 완벽 좋다
921,스마트폰,4,2023-02-08 08:00:00,사용자_921,False,성능이 훌륭하다 훌륭하다 우수 디자인이 완벽 추천 좋다 최고 최고 추천 우수 좋다 최고
922,태블릿,4,2023-02-08 09:00:00,사용자_922,True,만족 좋다 만족 만족 만족 좋다 만족 추천
923,태블릿,5,2023-02-08 10:00:00,사용자_923,False,완벽 추천 최고 좋다 완벽 우수 완벽 최고
924,태블릿,2,2023-02-08 11:00:00,사용자_924,False,실망 불만 나쁘다 품질이 실망 실망 디자인이 별로 실망 불만 나쁘다 디자인이 문제 실망
925,이어폰,4,2023-02-08 12:00:00,사용자_925,True,우수 완벽 훌륭하다 훌륭하다 완벽 좋다 성능이 우수
926,태블릿,4,2023-02-08 13:00:00,사용자_926,True,훌륭하다 우수 완벽 좋다 우수 완벽 만족 만족 우수 완벽
927,스마트폰,2,2023-02-08 14:00:00,사용자_927,False,불만 고장 나쁘다 문제 별로 최악 나쁘다 고장 디자인이 불만 디자인이 최악
928,이어폰,4,2023-02-08 15:00:00,사용자_928,False,훌륭하다 품질이 추천 완벽 추천 성능이 디자인이 완벽 만족 훌륭하다 우수 훌륭하다 최고
929,스마트폰,3,2023-02-08 16:00:00,사용자_929,True,품질이 그럭저럭 무난 디자인이 디자인이 적당 품질이 무난 품질이 보통 무난
930,이어폰,5,2023-02-08 17:00:00,사용자_930,False,추천 만족 훌륭하다 성능이 추천 최고 성능이 훌륭하다 품질이 품질이 품질이 우수
931,이어폰,5,2023-02-08 18:00:00,사용자_931,False,좋다 완벽 좋다 디자인이 완벽 완벽 만족 만족 최고 우수
932,이어폰,4,2023-02-08 19:00:00,사용자_932,True,좋다 좋다 추천 완벽 완벽 최고
933,스마트폰,4,2023-02-08 20:00:00,사용자_933,False,최고 성능이 좋다 추천 완벽 성능이 성능이 좋다 완벽 품질이 만족 좋다 디자인이 완벽
934,노트북,5,2023-02-08 21:00:00,사용자_934,True,품질이 추천 추천 디자인이 우수 추천 최고 만족 완벽 훌륭하다
935,이어폰,3,2023-02-08 22:00:00,사용자_935,True,적당 그럭저럭 디자인이 적당 그럭저럭 평범 보통 무난 평범 평범
936,스마트워치,5,2023-02-08 23:00:00,사용자_936,True,성능이 우수 완벽 성능이 훌륭하다 디자인이
937,이어폰,5,2023-02-09 00:00:00,사용자_937,True,훌륭하다 디자인이 좋다 성능이 디자인이 최고 훌륭하다 완벽 성능이
938,이어폰,4,2023-02-09 01:00:00,사용자_938,True,추천 디자인이 만족 완벽 추천 추천 최고 추천 디자인이
939,스마트폰,3,2023-02-09 02:00:00,사용자_939,True,무난 그럭저럭 디자인이 평범 평범 적당 적당 성능이 적당 보통 평범 평범 보통 적당
940,스마트폰,2,2023-02-09 03:00:00,사용자_940,False,실망 나쁘다 고장 나쁘다 나쁘다 실망 최악 성능이 별로 고장 최악 고장
941,태블릿,4,2023-02-09 04:00:00,사용자_941,False,우수 좋다 훌륭하다 좋다 품질이 완벽 훌륭하다
942,이어폰,5,2023-02-09 05:00:00,사용자_942,False,훌륭하다 성능이 추천 훌륭하다 만족 좋다
943,이어폰,4,2023-02-09 06:00:00,사용자_943,True,좋다 추천 우수 성능이 우수 우수 훌륭하다 추천 최고 디자인이 완벽 추천 성능이 완벽
944,스마트워치,4,2023-02-09 07:00:00,사용자_944,True,완벽 성능이 만족 좋다 완벽 성능이 추천 완벽 우수 품질이
945,스마트폰,2,2023-02-09 08:00:00,사용자_945,True,디자인이 문제 나쁘다 디자인이 불만 실망 나쁘다 별로 성능이 고장 성능이
946,노트북,4,2023-02-09 09:00:00,사용자_946,False,우수 품질이 완벽 훌륭하다 훌륭하다 성능이
947,이어폰,2,2023-02-09 10:00:00,사용자_947,True,나쁘다 나쁘다 고장 실망 디자인이 문제 별로 나쁘다 품질이 문제
948,이어폰,4,2023-02-09 11:00:00,사용자_948,False,좋다 훌륭하다 훌륭하다 최고 성능이 우수
949,이어폰,5,2023-02-09 12:00:00,사용자_949,False,디자인이 우수 품질이 훌륭하다 추천 추천 훌륭하다 완벽 완벽 우수 최고 추천
950,이어폰,4,2023-02-09 13:00:00,사용자_950,True,완벽 훌륭하다 최고 디자인이 만족
951,노트북,5,2023-02-09 14:00:00,사용자_951,False,성능이 만족 완벽 추천 만족 좋다 추천 우수 최고 최고 훌륭하다 완벽
952,노트북,4,2023-02-09 15:00:00,사용자_952,False,추천 추천 추천 최고 추천 만족 디자인이
953,노트북,5,2023-02-09 16:00:00,사용자_953,False,우수 만족 우수 완벽 훌륭하다 좋다 완벽 좋다 디자인이 추천 완벽
954,이어폰,5,2023-02-09 17:00:00,사용자_954,False,성능이 좋다 좋다 우수 성능이 디자인이 만족 최고 훌륭하다 품질이 완벽 추천 훌륭하다
955,스마트워치,2,2023-02-09 18:00:00,사용자_955,True,성능이 고장 별로 성능이 별로 불만 품질이 문제 나쁘다 별로 불만
956,노트북,3,2023-02-09 19:00:00,사용자_956,False,그럭저럭 보통 무난 적당 보통 무난 적당 무난 평범 적당 무난
957,태블릿,1,2023-02-09 20:00:00,사용자_957,True,성능이 문제 불만 디자인이 별로 성능이
958,스마트폰,1,2023-02-09 21:00:00,사용자_958,True,고장 문제 별로 고장 품질이 나쁘다 최악
959,노트북,4,2023-02-09 22:00:00,사용자_959,True,우수 훌륭하다 추천 좋다 훌륭하다 훌륭하다
960,태블릿,3,2023-02-09 23:00:00,사용자_960,False,적당 무난 무난 디자인이 보통 평범 평범 그럭저럭 디자인이
961,스마트폰,4,2023-02-10 00:00:00,사용자_961,True,완벽 좋다 좋다 만족 훌륭하다 훌륭하다 완벽
962,태블릿,3,2023-02-10 01:00:00,사용자_962,False,무난 그럭저럭 성능이 품질이 평범 무난 적당 성능이 무난 성능이 무난 평범 적당 적당
963,이어폰,5,2023-02-10 02:00:00,사용자_963,True,우수 좋다 완벽 좋다 만족 추천 최고 성능이 디자인이 최고 우수
964,이어폰,5,2023-02-10 03:00:00,사용자_964,True,만족 추천 우수 추천 완벽 완벽
965,이어폰,4,2023-02-10 04:00:00,사용자_965,True,만족 완벽 좋다 좋다 품질이 최고 완벽 완벽 우수 훌륭하다
966,스마트워치,4,2023-02-10 05:00:00,사용자_966,True,완벽 최고 완벽 좋다 우수 우수 품질이 추천 최고
967,스마트폰,3,2023-02-10 06:00:00,사용자_967,False,보통 무난 평범 적당 보통 그럭저럭 보통 보통 적당 보통 적당 보통 품질이
968,이어폰,4,2023-02-10 07:00:00,사용자_968,True,완벽 만족 만족 만족 좋다 최고 좋다 우수 최고 우수 최고 추천
969,노트북,4,2023-02-10 08:00:00,사용자_969,True,완벽 좋다 우수 추천 만족 추천 훌륭하다 성능이 추천 추천 훌륭하다
970,이어폰,5,2023-02-10 09:00:00,사용자_970,True,최고 훌륭하다 완벽 추천 최고 만족 우수 품질이 훌륭하다 훌륭하다 완벽
971,이어폰,2,2023-02-10 10:00:00,사용자_971,True,나쁘다 실망 나쁘다 디자인이 별로 실망
972,이어폰,4,2023-02-10 11:00:00,사용자_972,True,최고 성능이 만족 좋다 최고 완벽 좋다 디자인이 훌륭하다 최고 좋다 우수
973,이어폰,1,2023-02-10 12:00:00,사용자_973,True,최악 별로 문제 최악 불만 불만 나쁘다 고장 별로 나쁘다 문제 품질이 나쁘다 문제
974,스마트워치,4,2023-02-10 13:00:00,사용자_974,True,추천 디자인이 우수 추천 추천 만족 만족 만족 성능이 완벽 우수
975,스마트워치,5,2023-02-10 14:00:00,사용자_975,False,최고 성능이 디자인이 우수 훌륭하다 좋다 최고 성능이 디자인이
976,이어폰,4,2023-02-10 15:00:00,사용자_976,True,디자인이 만족 완벽 우수 완벽 만족
977,태블릿,5,2023-02-10 16:00:00,사용자_977,True,만족 만족 훌륭하다 품질이 만족 완벽 최고 훌륭하다 성능이 최고 최고 완벽
978,스마트워치,5,2023-02-10 17:00:00,사용자_978,True,디자인이 좋다 우수 완벽 좋다 만족
979,태블릿,2,2023-02-10 18:00:00,사용자_979,True,디자인이 불만 최악 문제 성능이 별로 실망 품질이 최악 실망
980,이어폰,4,2023-02-10 19:00:00,사용자_980,True,완벽 품질이 완벽 추천 성능이
981,이어폰,5,2023-02-10 20:00:00,사용자_981,True,성능이 성능이 완벽 품질이 훌륭하다
982,이어폰,2,2023-02-10 21:00:00,사용자_982,True,품질이 문제 문제 문제 고장
983,노트북,3,2023-02-10 22:00:00,사용자_983,True,보통 평범 디자인이 디자인이 평범 보통 디자인이 평범 디자인이 적당 그럭저럭
984,태블릿,5,2023-02-10 23:00:00,사용자_984,True,훌륭하다 최고 디자인이 추천 훌륭하다 우수 만족
985,스마트워치,4,2023-02-11 00:00:00,사용자_985,True,최고 품질이 만족 우수 성능이 우수 훌륭하다 품질이 완벽 완벽 품질이 우수 완벽 추천
986,노트북,4,2023-02-11 01:00:00,사용자_986,True,완벽 디자인이 완벽 좋다 성능이 추천 우수 만족 우수 추천 성능이 완벽
987,스마트워치,2,2023-02-11 02:00:00,사용자_987,True,품질이 고장 디자인이 문제 고장 문제 나쁘다 불만 문제 품질이 최악 나쁘다 불만
988,태블릿,5,2023-02-11 03:00:00,사용자_988,True,성능이 최고 성능이 최고 디자인이 우수 품질이 최고 완벽 완벽 완벽
989,이어폰,3,2023-02-11 04:00:00,사용자_989,False,평범 무난 평범 그럭저럭 평범 적당
990,스마트워치,3,2023-02-11 05:00:00,사용자_990,True,성능이 품질이 보통 적당 평범 성능이 적당 평범 무난 그럭저럭 보통
991,노트북,5,2023-02-11 06:00:00,사용자_991,True,추천 만족 훌륭하다 추천 만족 만족 최고 우수 우수 좋다
992,태블릿,4,2023-02-11 07:00:00,사용자_992,True,추천 만족 품질이 품질이 훌륭하다
993,이어폰,3,2023-02-11 08:00:00,사용자_993,True,적당 그럭저럭 적당 무난 무난 적당 그럭저럭 무난 디자인이
994,노트북,4,2023-02-11 09:00:00,사용자_994,True,디자인이 완벽 훌륭하다 품질이 우수
995,태블릿,5,2023-02-11 10:00:00,사용자_995,False,만족 완벽 만족 훌륭하다 훌륭하다 만족 우수 추천 완벽 추천
996,태블릿,3,2023-02-11 11:00:00,사용자_996,True,품질이 그럭저럭 성능이 성능이 적당 평범 그럭저럭 품질이 무난 무난 그럭저럭
997,태블릿,4,2023-02-11 12:00:00,사용자_997,True,완벽 추천 훌륭하다 만족 만족 최고
998,스마트폰,2,2023-02-11 13:00:00,사용자_998,True,불만 최악 별로 최악 최악 별로 별로
999,스마트폰,4,2023-02-11 14:00:00,사용자_999,False,최고 디자인이 훌륭하다 추천 성능이 만족 우수 최고 최고 만족
1000,태블릿,5,2023-02-11 15:00:00,사용자_1000,True,완벽 추천 우수 디자인이 추천
